{
    "average_learning_time": 5.626309724976546,
    "average_test_LL": -491.66961322596416,
    "average_train_BIC": -4035.56420778962,
    "folds": {
        "fold_1": {
            "learning_time": 5551.99988962886,
            "test_LL": -476.6768702097119,
            "train_BIC": -4049.3978661384886
        },
        "fold_10": {
            "learning_time": 5663.87894327795,
            "test_LL": -529.9907873952986,
            "train_BIC": -4005.7278869464485
        },
        "fold_2": {
            "learning_time": 5652.192119397114,
            "test_LL": -503.8894931914152,
            "train_BIC": -4025.0490046846426
        },
        "fold_3": {
            "learning_time": 5660.35473086049,
            "test_LL": -478.0389358170558,
            "train_BIC": -4044.794329743483
        },
        "fold_4": {
            "learning_time": 5503.714807057349,
            "test_LL": -489.84252312774356,
            "train_BIC": -4035.794769783604
        },
        "fold_5": {
            "learning_time": 5643.33023510585,
            "test_LL": -479.53794929128014,
            "train_BIC": -4043.136340557163
        },
        "fold_6": {
            "learning_time": 5611.585497025317,
            "test_LL": -482.62380797669636,
            "train_BIC": -4043.1335753360554
        },
        "fold_7": {
            "learning_time": 5836.332090465589,
            "test_LL": -493.4146483808005,
            "train_BIC": -4033.39216820523
        },
        "fold_8": {
            "learning_time": 5738.895307335156,
            "test_LL": -481.164310065183,
            "train_BIC": -4046.047939021973
        },
        "fold_9": {
            "learning_time": 5400.8136296117755,
            "test_LL": -501.51680680445594,
            "train_BIC": -4029.168197479107
        }
    }
}