{
  "average_learning_time": 255.09920000000002,
  "average_test_LL": -31020.61189409544,
  "average_train_BIC": -280420.7711287256,
  "folds": {
    "fold_1": {
      "test_LL": -30909.38963512039,
      "train_BIC": -278956.48504138674,
      "learning_time": 279038
    },
    "fold_2": {
      "test_LL": -30751.681370782553,
      "train_BIC": -279121.29690681695,
      "learning_time": 270703
    },
    "fold_3": {
      "test_LL": -30877.583995237506,
      "train_BIC": -278990.7775981589,
      "learning_time": 271513
    },
    "fold_4": {
      "test_LL": -30894.12235504404,
      "train_BIC": -278974.4591345565,
      "learning_time": 272326
    },
    "fold_5": {
      "test_LL": -30878.627776487672,
      "train_BIC": -278988.6945093614,
      "learning_time": 271915
    },
    "fold_6": {
      "test_LL": -30816.287356149252,
      "train_BIC": -279057.48547970795,
      "learning_time": 272426
    },
    "fold_7": {
      "test_LL": -30790.05676400974,
      "train_BIC": -279080.6945256067,
      "learning_time": 273752
    },
    "fold_8": {
      "test_LL": -30994.659462108582,
      "train_BIC": -278870.44713356945,
      "learning_time": 271433
    },
    "fold_9": {
      "test_LL": -32526.530117379447,
      "train_BIC": -293063.04168819863,
      "learning_time": 96165
    },
    "fold_10": {
      "test_LL": -30767.180108635206,
      "train_BIC": -279104.3292698931,
      "learning_time": 271721
    }
  }
}