{
  "average_learning_time": 1.6316,
  "average_test_LL": -278.12677003602835,
  "average_train_BIC": -2472.1269467131306,
  "folds": {
    "fold_1": {
      "test_LL": -312.4654573522763,
      "train_BIC": -2443.5186224947684,
      "learning_time": 1624
    },
    "fold_2": {
      "test_LL": -266.8240030236676,
      "train_BIC": -2482.65061576224,
      "learning_time": 1673
    },
    "fold_3": {
      "test_LL": -274.21546442206403,
      "train_BIC": -2472.3471439265327,
      "learning_time": 1600
    },
    "fold_4": {
      "test_LL": -262.63177241743074,
      "train_BIC": -2483.047749677902,
      "learning_time": 1603
    },
    "fold_5": {
      "test_LL": -256.60528869221173,
      "train_BIC": -2487.307417233956,
      "learning_time": 1563
    },
    "fold_6": {
      "test_LL": -280.41830614078117,
      "train_BIC": -2463.26548750228,
      "learning_time": 1552
    },
    "fold_7": {
      "test_LL": -251.47029872798475,
      "train_BIC": -2494.725370819357,
      "learning_time": 1588
    },
    "fold_8": {
      "test_LL": -255.87870190085786,
      "train_BIC": -2490.7130716535344,
      "learning_time": 1789
    },
    "fold_9": {
      "test_LL": -255.45111891138504,
      "train_BIC": -2495.0994078658996,
      "learning_time": 1659
    },
    "fold_10": {
      "test_LL": -365.30728877162437,
      "train_BIC": -2408.5945801948374,
      "learning_time": 1665
    }
  }
}