{
    "average_learning_time": 0.0001013427734375,
    "average_test_ll": -392.07129025142723,
    "folds": {
        "fold_1": {
            "learning_time": 0.1220703125,
            "test_ll": -383.9237950103172
        },
        "fold_10": {
            "learning_time": 0.096435546875,
            "test_ll": -476.3135421184972
        },
        "fold_2": {
            "learning_time": 0.094970703125,
            "test_ll": -368.73232843104694
        },
        "fold_3": {
            "learning_time": 0.090576171875,
            "test_ll": -367.21511608978864
        },
        "fold_4": {
            "learning_time": 0.101806640625,
            "test_ll": -385.6003477552608
        },
        "fold_5": {
            "learning_time": 0.092529296875,
            "test_ll": -384.1976668271694
        },
        "fold_6": {
            "learning_time": 0.09619140625,
            "test_ll": -389.73907820319545
        },
        "fold_7": {
            "learning_time": 0.08642578125,
            "test_ll": -402.25199693335105
        },
        "fold_8": {
            "learning_time": 0.124755859375,
            "test_ll": -371.820387340616
        },
        "fold_9": {
            "learning_time": 0.107666015625,
            "test_ll": -390.91864380502983
        }
    }
}