{
  "average_learning_time": 1.379,
  "average_test_LL": 590.246847393786,
  "average_train_BIC": 5472.724818555007,
  "folds": {
    "fold_1": {
      "test_LL": 624.671697512753,
      "train_BIC": 5457.282102365473,
      "learning_time": 1260
    },
    "fold_2": {
      "test_LL": 674.5549577053537,
      "train_BIC": 5409.866638016486,
      "learning_time": 1373
    },
    "fold_3": {
      "test_LL": 761.0072082917562,
      "train_BIC": 5309.778180210571,
      "learning_time": 1395
    },
    "fold_4": {
      "test_LL": 646.0875284112748,
      "train_BIC": 5439.717603945615,
      "learning_time": 1377
    },
    "fold_5": {
      "test_LL": 512.6333202923679,
      "train_BIC": 5575.16054995077,
      "learning_time": 1314
    },
    "fold_6": {
      "test_LL": 318.2497348016524,
      "train_BIC": 5701.118281379457,
      "learning_time": 1487
    },
    "fold_7": {
      "test_LL": 646.1328824008879,
      "train_BIC": 5433.044967196935,
      "learning_time": 1408
    },
    "fold_8": {
      "test_LL": 309.2881247665917,
      "train_BIC": 5744.487274213874,
      "learning_time": 1594
    },
    "fold_9": {
      "test_LL": 527.4895985618111,
      "train_BIC": 5561.875271324463,
      "learning_time": 1264
    },
    "fold_10": {
      "test_LL": 882.3534211934103,
      "train_BIC": 5094.917316946426,
      "learning_time": 1318
    }
  }
}