{
    "average_learning_time": 8520.834403507753,
    "average_test_LL": -14654.978505686293,
    "average_train_BIC": -81786.6492999566,
    "folds": {
        "fold_1": {
            "learning_time": 7745206.782409921,
            "test_LL": -10163.66804864772,
            "train_BIC": -81929.1605662402
        },
        "fold_10": {
            "learning_time": 6897589.774163265,
            "test_LL": -15312.59995788673,
            "train_BIC": -81689.04218638505
        },
        "fold_2": {
            "learning_time": 7617234.746169299,
            "test_LL": -9813.86011443964,
            "train_BIC": -81707.72629030654
        },
        "fold_3": {
            "learning_time": 7557277.627152914,
            "test_LL": -11777.067046872759,
            "train_BIC": -81817.73231679972
        },
        "fold_4": {
            "learning_time": 10938301.076169882,
            "test_LL": -16687.791814323078,
            "train_BIC": -81570.86788461615
        },
        "fold_5": {
            "learning_time": 8993181.229698239,
            "test_LL": -17013.410728904957,
            "train_BIC": -81782.71334986672
        },
        "fold_6": {
            "learning_time": 9058915.105417196,
            "test_LL": -34991.93833344535,
            "train_BIC": -81774.84170710843
        },
        "fold_7": {
            "learning_time": 8727024.256361533,
            "test_LL": -9407.371746216659,
            "train_BIC": -83014.20973610578
        },
        "fold_8": {
            "learning_time": 7704295.085468679,
            "test_LL": -11197.460164073373,
            "train_BIC": -81462.66873654045
        },
        "fold_9": {
            "learning_time": 9969318.352066621,
            "test_LL": -10184.617102052664,
            "train_BIC": -81117.53022559691
        }
    }
}