{
    "average_learning_time": 0.000172705078125,
    "average_test_LL": -1531.1337842960118,
    "folds": {
        "fold_1": {
            "learning_time": 0.17529296875,
            "test_LL": -1517.5493672712357
        },
        "fold_10": {
            "learning_time": 0.20947265625,
            "test_LL": -1554.8296465066705
        },
        "fold_2": {
            "learning_time": 0.129150390625,
            "test_LL": -1565.3913320722172
        },
        "fold_3": {
            "learning_time": 0.121337890625,
            "test_LL": -1566.6370081156479
        },
        "fold_4": {
            "learning_time": 0.170654296875,
            "test_LL": -1585.9870225748136
        },
        "fold_5": {
            "learning_time": 0.135986328125,
            "test_LL": -1575.873572139465
        },
        "fold_6": {
            "learning_time": 0.16162109375,
            "test_LL": -1555.6549496381376
        },
        "fold_7": {
            "learning_time": 0.14208984375,
            "test_LL": -1460.7644319513006
        },
        "fold_8": {
            "learning_time": 0.29638671875,
            "test_LL": -1467.5415930165177
        },
        "fold_9": {
            "learning_time": 0.18505859375,
            "test_LL": -1461.1089196741132
        }
    }
}