{
    "average_learning_time": 8.22021484375e-05,
    "average_test_ll": 694.8525317649238,
    "folds": {
        "fold_1": {
            "learning_time": 0.10205078125,
            "test_ll": 754.9182209745924
        },
        "fold_10": {
            "learning_time": 0.07568359375,
            "test_ll": 622.7493951659602
        },
        "fold_2": {
            "learning_time": 0.076171875,
            "test_ll": 702.3359744909291
        },
        "fold_3": {
            "learning_time": 0.072998046875,
            "test_ll": 698.6663213442158
        },
        "fold_4": {
            "learning_time": 0.07763671875,
            "test_ll": 632.6303674105116
        },
        "fold_5": {
            "learning_time": 0.074462890625,
            "test_ll": 709.3016259355823
        },
        "fold_6": {
            "learning_time": 0.07470703125,
            "test_ll": 700.6715048189866
        },
        "fold_7": {
            "learning_time": 0.101318359375,
            "test_ll": 726.1796500627445
        },
        "fold_8": {
            "learning_time": 0.090576171875,
            "test_ll": 732.9699386363545
        },
        "fold_9": {
            "learning_time": 0.076416015625,
            "test_ll": 668.1023188093611
        }
    }
}