{
    "average_learning_time": 968.3805776652716,
    "average_test_LL": -6079.806533585832,
    "average_train_BIC": -50831.7859881741,
    "folds": {
        "fold_1": {
            "learning_time": 365273.0112369063,
            "test_LL": -6241.753938933257,
            "train_BIC": -50856.87104881957
        },
        "fold_10": {
            "learning_time": 1829998.2151552904,
            "test_LL": -12090.443135422449,
            "train_BIC": -47602.52140414382
        },
        "fold_2": {
            "learning_time": 360370.1018327229,
            "test_LL": -5599.429380765704,
            "train_BIC": -50107.94262482972
        },
        "fold_3": {
            "learning_time": 333229.9552434742,
            "test_LL": -5535.503640646563,
            "train_BIC": -52003.71129569678
        },
        "fold_4": {
            "learning_time": 479199.3895861742,
            "test_LL": -5112.0652629072865,
            "train_BIC": -52140.19300618685
        },
        "fold_5": {
            "learning_time": 1517546.358697069,
            "test_LL": -5092.885128977828,
            "train_BIC": -51185.88081686509
        },
        "fold_6": {
            "learning_time": 1431584.136036541,
            "test_LL": -5168.49087370486,
            "train_BIC": -51217.09457051748
        },
        "fold_7": {
            "learning_time": 1185065.9835577607,
            "test_LL": -5645.872343514414,
            "train_BIC": -51672.69909926347
        },
        "fold_8": {
            "learning_time": 401369.0200931706,
            "test_LL": -5114.587559975596,
            "train_BIC": -50371.54731609612
        },
        "fold_9": {
            "learning_time": 1780169.6052136067,
            "test_LL": -5197.034071010359,
            "train_BIC": -51159.39869932214
        }
    }
}