{
    "average_learning_time": 0.002014013671875,
    "average_test_ll": -50.923701802018606,
    "folds": {
        "fold_1": {
            "learning_time": 2.006591796875,
            "test_ll": -47.70532949058702
        },
        "fold_10": {
            "learning_time": 1.939453125,
            "test_ll": -51.60422729869959
        },
        "fold_2": {
            "learning_time": 1.90625,
            "test_ll": -49.616446097071396
        },
        "fold_3": {
            "learning_time": 1.895751953125,
            "test_ll": -51.901346683226826
        },
        "fold_4": {
            "learning_time": 1.9189453125,
            "test_ll": -47.71293774956655
        },
        "fold_5": {
            "learning_time": 2.5458984375,
            "test_ll": -51.61111169770835
        },
        "fold_6": {
            "learning_time": 1.816650390625,
            "test_ll": -49.64579019677112
        },
        "fold_7": {
            "learning_time": 2.125,
            "test_ll": -48.53744255227089
        },
        "fold_8": {
            "learning_time": 2.08740234375,
            "test_ll": -58.778256324295484
        },
        "fold_9": {
            "learning_time": 1.898193359375,
            "test_ll": -52.12412992998883
        }
    }
}