{
    "average_learning_time": 11.069479663085938,
    "average_test_ll": -180.72708547925922,
    "folds": {
        "fold_1": {
            "learning_time": 11741.283935546875,
            "test_ll": -136.49413899285213
        },
        "fold_10": {
            "learning_time": 13431.953125,
            "test_ll": -104.99986317969157
        },
        "fold_2": {
            "learning_time": 11154.45068359375,
            "test_ll": -72.8650019673891
        },
        "fold_3": {
            "learning_time": 8531.54296875,
            "test_ll": 17.19315067677637
        },
        "fold_4": {
            "learning_time": 11139.769775390625,
            "test_ll": -20.126454428948875
        },
        "fold_5": {
            "learning_time": 11599.0517578125,
            "test_ll": -32.66328480679205
        },
        "fold_6": {
            "learning_time": 11476.621337890625,
            "test_ll": -183.5209970044247
        },
        "fold_7": {
            "learning_time": 8034.086181640625,
            "test_ll": -314.78135039570907
        },
        "fold_8": {
            "learning_time": 11916.888916015625,
            "test_ll": -371.9851139744309
        },
        "fold_9": {
            "learning_time": 11669.14794921875,
            "test_ll": -587.0278007191301
        }
    }
}