{
  "average_learning_time": 15.235299999999999,
  "average_test_LL": 1175.22844400684,
  "average_train_BIC": 10715.675962168205,
  "folds": {
    "fold_1": {
      "test_LL": 1279.2768297024952,
      "train_BIC": 10615.33010462533,
      "learning_time": 15054
    },
    "fold_2": {
      "test_LL": 1163.3586865715527,
      "train_BIC": 10733.074217576655,
      "learning_time": 15322
    },
    "fold_3": {
      "test_LL": 1161.638021097433,
      "train_BIC": 10731.207687395328,
      "learning_time": 15372
    },
    "fold_4": {
      "test_LL": 1038.5256700757309,
      "train_BIC": 10852.426913840623,
      "learning_time": 15274
    },
    "fold_5": {
      "test_LL": 1005.7113655745167,
      "train_BIC": 10876.301727292053,
      "learning_time": 14934
    },
    "fold_6": {
      "test_LL": 1251.1446257846098,
      "train_BIC": 10646.566320126332,
      "learning_time": 15134
    },
    "fold_7": {
      "test_LL": 1204.3132411024712,
      "train_BIC": 10672.821985541352,
      "learning_time": 15002
    },
    "fold_8": {
      "test_LL": 1137.2844043982466,
      "train_BIC": 10760.766874114639,
      "learning_time": 15541
    },
    "fold_9": {
      "test_LL": 1335.3967278356465,
      "train_BIC": 10554.986171688408,
      "learning_time": 15350
    },
    "fold_10": {
      "test_LL": 1175.6348679256978,
      "train_BIC": 10713.277619481343,
      "learning_time": 15370
    }
  }
}