{
    "average_learning_time": 253.9966466584876,
    "average_test_LL": -6978.138245597174,
    "average_train_BIC": -47055.15130916605,
    "folds": {
        "fold_1": {
            "learning_time": 235771.59097470486,
            "test_LL": -7635.421196069604,
            "train_BIC": -46731.99548626743
        },
        "fold_10": {
            "learning_time": 227540.75352842847,
            "test_LL": -8229.002297699733,
            "train_BIC": -46175.679687977754
        },
        "fold_2": {
            "learning_time": 249864.21894776414,
            "test_LL": -8962.527049099695,
            "train_BIC": -46983.30467180468
        },
        "fold_3": {
            "learning_time": 264791.42175936705,
            "test_LL": -8690.135999146674,
            "train_BIC": -46540.67067436908
        },
        "fold_4": {
            "learning_time": 277774.53957087075,
            "test_LL": -5832.3934736261635,
            "train_BIC": -47112.36820663877
        },
        "fold_5": {
            "learning_time": 258662.56675283465,
            "test_LL": -5472.495827757893,
            "train_BIC": -47569.2691629409
        },
        "fold_6": {
            "learning_time": 261662.67354715045,
            "test_LL": -4921.12723185122,
            "train_BIC": -48383.830429499685
        },
        "fold_7": {
            "learning_time": 261431.58725478814,
            "test_LL": -5598.902296044614,
            "train_BIC": -47761.036925549495
        },
        "fold_8": {
            "learning_time": 254347.36665145645,
            "test_LL": -6329.180586561008,
            "train_BIC": -46684.87529595797
        },
        "fold_9": {
            "learning_time": 248119.7475975114,
            "test_LL": -8110.196498115145,
            "train_BIC": -46608.48255065472
        }
    }
}