{
    "average_learning_time": 33.548062109375,
    "average_test_ll": -6879.649720069191,
    "folds": {
        "fold_1": {
            "learning_time": 31320.646484375,
            "test_ll": -7485.317231494528
        },
        "fold_10": {
            "learning_time": 31780.845703125,
            "test_ll": -5415.509677809486
        },
        "fold_2": {
            "learning_time": 35456.51416015625,
            "test_ll": -7612.352962685143
        },
        "fold_3": {
            "learning_time": 32035.67333984375,
            "test_ll": -7171.977785658659
        },
        "fold_4": {
            "learning_time": 29419.702880859375,
            "test_ll": -6860.182354979305
        },
        "fold_5": {
            "learning_time": 36112.80712890625,
            "test_ll": -6078.12785914513
        },
        "fold_6": {
            "learning_time": 34309.443359375,
            "test_ll": -7483.114294258462
        },
        "fold_7": {
            "learning_time": 39840.732177734375,
            "test_ll": -7531.505702840028
        },
        "fold_8": {
            "learning_time": 31815.1337890625,
            "test_ll": -7558.043188253696
        },
        "fold_9": {
            "learning_time": 33389.1220703125,
            "test_ll": -5600.3661435674785
        }
    }
}