{
    "average_learning_time": 2537.7104486229923,
    "average_test_LL": -25343.086408751966,
    "average_train_BIC": -207817.90599182807,
    "folds": {
        "fold_1": {
            "learning_time": 2813319.116744582,
            "test_LL": -17071.0514769415,
            "train_BIC": -215712.15157577378
        },
        "fold_10": {
            "learning_time": 2371840.760733212,
            "test_LL": -38286.51806061916,
            "train_BIC": -198121.18909032835
        },
        "fold_2": {
            "learning_time": 2381916.574733283,
            "test_LL": -26254.309048679846,
            "train_BIC": -206727.59321068463
        },
        "fold_3": {
            "learning_time": 2389835.83337634,
            "test_LL": -30981.61307395583,
            "train_BIC": -202581.6594507026
        },
        "fold_4": {
            "learning_time": 2699536.7630489627,
            "test_LL": -20469.697157358965,
            "train_BIC": -212016.23077907827
        },
        "fold_5": {
            "learning_time": 2489430.196118308,
            "test_LL": -27323.211943132537,
            "train_BIC": -206675.70928122444
        },
        "fold_6": {
            "learning_time": 2579944.8238736894,
            "test_LL": -20640.01939779266,
            "train_BIC": -211042.6086156125
        },
        "fold_7": {
            "learning_time": 2542763.4546785867,
            "test_LL": -25736.64099613943,
            "train_BIC": -206284.76655324895
        },
        "fold_8": {
            "learning_time": 2448144.3716074284,
            "test_LL": -21117.875832382917,
            "train_BIC": -212330.38419289462
        },
        "fold_9": {
            "learning_time": 2660372.5913155284,
            "test_LL": -25549.927100516827,
            "train_BIC": -206686.7671687325
        }
    }
}