{
    "average_learning_time": 243.66305486417406,
    "average_test_LL": -12095.263564578414,
    "average_train_BIC": -12296.721806642578,
    "folds": {
        "fold_1": {
            "learning_time": 295800.3043382487,
            "test_LL": -26538.926909990834,
            "train_BIC": -12290.135981484142
        },
        "fold_10": {
            "learning_time": 267453.70006535813,
            "test_LL": -24563.083694486748,
            "train_BIC": -12137.38840876795
        },
        "fold_2": {
            "learning_time": 243526.0299647489,
            "test_LL": -15819.109083444911,
            "train_BIC": -12342.88184994216
        },
        "fold_3": {
            "learning_time": 277092.4723803837,
            "test_LL": -1533.912894110264,
            "train_BIC": -12332.781897154257
        },
        "fold_4": {
            "learning_time": 157582.72062861943,
            "test_LL": -4323.49994611208,
            "train_BIC": -12351.00692037583
        },
        "fold_5": {
            "learning_time": 218270.3462333011,
            "test_LL": -1746.3547398888602,
            "train_BIC": -12329.777147580702
        },
        "fold_6": {
            "learning_time": 195030.0408833209,
            "test_LL": -21749.804067659003,
            "train_BIC": -12324.280700428986
        },
        "fold_7": {
            "learning_time": 221061.0830272126,
            "test_LL": -9358.779010341961,
            "train_BIC": -12323.966461056989
        },
        "fold_8": {
            "learning_time": 223698.27539953985,
            "test_LL": -1664.5433429004,
            "train_BIC": -12299.52935860878
        },
        "fold_9": {
            "learning_time": 337115.5757210072,
            "test_LL": -13654.621956849069,
            "train_BIC": -12235.469341025982
        }
    }
}