{
    "average_learning_time": 13.773874814579177,
    "average_test_LL": -176.48633962333662,
    "average_train_BIC": -1642.6245601806593,
    "folds": {
        "fold_1": {
            "learning_time": 9333.569234651804,
            "test_LL": -147.44727737633045,
            "train_BIC": -1666.993111877272
        },
        "fold_10": {
            "learning_time": 16056.738951265288,
            "test_LL": -193.8448216427164,
            "train_BIC": -1627.791088692893
        },
        "fold_2": {
            "learning_time": 19122.356904561457,
            "test_LL": -168.3674783211892,
            "train_BIC": -1652.4665808472548
        },
        "fold_3": {
            "learning_time": 13281.31360073894,
            "test_LL": -179.10975068943793,
            "train_BIC": -1641.1891623939973
        },
        "fold_4": {
            "learning_time": 19128.21654004074,
            "test_LL": -180.17535872474295,
            "train_BIC": -1640.323301412292
        },
        "fold_5": {
            "learning_time": 12384.178243286442,
            "test_LL": -162.02807232312395,
            "train_BIC": -1657.9313418188833
        },
        "fold_6": {
            "learning_time": 9611.346870493435,
            "test_LL": -156.1368400081802,
            "train_BIC": -1655.2941431280062
        },
        "fold_7": {
            "learning_time": 12951.97321660089,
            "test_LL": -170.52118290815275,
            "train_BIC": -1650.2931137791395
        },
        "fold_8": {
            "learning_time": 12577.344633427856,
            "test_LL": -183.87728388073188,
            "train_BIC": -1636.5709208400795
        },
        "fold_9": {
            "learning_time": 13291.709950724908,
            "test_LL": -223.35533035876045,
            "train_BIC": -1597.3928370167755
        }
    }
}