{
  "average_learning_time": 18.7649,
  "average_test_LL": -303.9386008525673,
  "average_train_BIC": -2827.105647070125,
  "folds": {
    "fold_1": {
      "test_LL": -299.10089454351055,
      "train_BIC": -2813.27416290387,
      "learning_time": 22300
    },
    "fold_2": {
      "test_LL": -269.888568056371,
      "train_BIC": -2884.2259422541574,
      "learning_time": 15579
    },
    "fold_3": {
      "test_LL": -252.1379871890933,
      "train_BIC": -2912.2035100561225,
      "learning_time": 16649
    },
    "fold_4": {
      "test_LL": -307.2817681341819,
      "train_BIC": -2846.332804994293,
      "learning_time": 16079
    },
    "fold_5": {
      "test_LL": -292.3846810434582,
      "train_BIC": -2810.93832453557,
      "learning_time": 20104
    },
    "fold_6": {
      "test_LL": -303.8620479058881,
      "train_BIC": -2800.7370114064515,
      "learning_time": 20164
    },
    "fold_7": {
      "test_LL": -337.47626097381294,
      "train_BIC": -2768.291218722215,
      "learning_time": 20034
    },
    "fold_8": {
      "test_LL": -247.62231619754218,
      "train_BIC": -2857.1357639737685,
      "learning_time": 20799
    },
    "fold_9": {
      "test_LL": -337.1135662294575,
      "train_BIC": -2818.694399081474,
      "learning_time": 15480
    },
    "fold_10": {
      "test_LL": -392.5179182523573,
      "train_BIC": -2759.223332773329,
      "learning_time": 20461
    }
  }
}