{
  "average_learning_time": 43.7883,
  "average_test_LL": -10460.708046375872,
  "average_train_BIC": -94399.61746799952,
  "folds": {
    "fold_1": {
      "test_LL": -10609.0723187551,
      "train_BIC": -93054.16073622544,
      "learning_time": 44672
    },
    "fold_2": {
      "test_LL": -11017.401549844915,
      "train_BIC": -96659.66304180809,
      "learning_time": 39206
    },
    "fold_3": {
      "test_LL": -10078.631466001036,
      "train_BIC": -93582.1434400139,
      "learning_time": 46115
    },
    "fold_4": {
      "test_LL": -10240.22201945262,
      "train_BIC": -97440.0806510814,
      "learning_time": 42946
    },
    "fold_5": {
      "test_LL": -10694.518962943755,
      "train_BIC": -97024.52434968652,
      "learning_time": 40176
    },
    "fold_6": {
      "test_LL": -10226.20724376709,
      "train_BIC": -93418.45596197475,
      "learning_time": 50454
    },
    "fold_7": {
      "test_LL": -10157.669246782762,
      "train_BIC": -93470.71048408288,
      "learning_time": 45012
    },
    "fold_8": {
      "test_LL": -10245.689873113794,
      "train_BIC": -93388.16266993903,
      "learning_time": 44944
    },
    "fold_9": {
      "test_LL": -10476.478754064856,
      "train_BIC": -93195.70606319672,
      "learning_time": 45170
    },
    "fold_10": {
      "test_LL": -10861.189029032792,
      "train_BIC": -92762.56728198635,
      "learning_time": 39188
    }
  }
}