{
    "average_learning_time": 12.183386010742188,
    "average_test_ll": -31227.108470295334,
    "folds": {
        "fold_1": {
            "learning_time": 12773.748046875,
            "test_ll": -33016.02770509182
        },
        "fold_10": {
            "learning_time": 12089.11865234375,
            "test_ll": -28743.83218021229
        },
        "fold_2": {
            "learning_time": 12400.092529296875,
            "test_ll": -32972.5533642184
        },
        "fold_3": {
            "learning_time": 12086.5498046875,
            "test_ll": -29565.49950163045
        },
        "fold_4": {
            "learning_time": 11871.487548828125,
            "test_ll": -32522.931933359083
        },
        "fold_5": {
            "learning_time": 11877.127197265625,
            "test_ll": -29046.948943412215
        },
        "fold_6": {
            "learning_time": 11816.90869140625,
            "test_ll": -29047.947947355664
        },
        "fold_7": {
            "learning_time": 12162.859130859375,
            "test_ll": -35858.305085410466
        },
        "fold_8": {
            "learning_time": 12747.116943359375,
            "test_ll": -32694.819196755692
        },
        "fold_9": {
            "learning_time": 12008.8515625,
            "test_ll": -28802.218845507272
        }
    }
}