{
    "average_learning_time": 0.6600001379556488,
    "average_test_LL": -1485.893024497797,
    "average_train_BIC": -583.8996560830046,
    "folds": {
        "fold_1": {
            "learning_time": 699.5020012254827,
            "test_LL": -46.389738576250124,
            "train_BIC": -613.6741453229291
        },
        "fold_10": {
            "learning_time": 531.0853215050884,
            "test_LL": -82.36642845855489,
            "train_BIC": -584.6535587080328
        },
        "fold_2": {
            "learning_time": 736.0100724035874,
            "test_LL": -46.38973857625012,
            "train_BIC": -613.6741453229291
        },
        "fold_3": {
            "learning_time": 730.8415340958163,
            "test_LL": -46.389738576250124,
            "train_BIC": -613.6741453229291
        },
        "fold_4": {
            "learning_time": 769.5549845229834,
            "test_LL": -46.389738576250124,
            "train_BIC": -613.6741453229291
        },
        "fold_5": {
            "learning_time": 409.66171748004854,
            "test_LL": -14248.563463507926,
            "train_BIC": -474.2254378320247
        },
        "fold_6": {
            "learning_time": 718.207357742358,
            "test_LL": -94.28106448757599,
            "train_BIC": -574.2787115420379
        },
        "fold_7": {
            "learning_time": 788.7662088614888,
            "test_LL": -94.17514271594199,
            "train_BIC": -576.2099879495619
        },
        "fold_8": {
            "learning_time": 724.6998389600776,
            "test_LL": -88.05904778636823,
            "train_BIC": -577.3223049890623
        },
        "fold_9": {
            "learning_time": 491.67234275955707,
            "test_LL": -65.92614371660224,
            "train_BIC": -597.6099785176107
        }
    }
}