{
    "average_learning_time": 13.850592016601562,
    "average_test_LL": -49206.71960240831,
    "folds": {
        "fold_1": {
            "learning_time": 13261.6494140625,
            "test_LL": -53284.35632660333
        },
        "fold_10": {
            "learning_time": 14071.520751953125,
            "test_LL": -46212.94458553645
        },
        "fold_2": {
            "learning_time": 13149.608642578125,
            "test_LL": -53021.94807469615
        },
        "fold_3": {
            "learning_time": 13706.23388671875,
            "test_LL": -40346.278409507446
        },
        "fold_4": {
            "learning_time": 13997.03173828125,
            "test_LL": -53496.966268993594
        },
        "fold_5": {
            "learning_time": 13738.242919921875,
            "test_LL": -42303.03722056333
        },
        "fold_6": {
            "learning_time": 14010.28466796875,
            "test_LL": -48570.20845527419
        },
        "fold_7": {
            "learning_time": 13836.60888671875,
            "test_LL": -55304.8181510618
        },
        "fold_8": {
            "learning_time": 14358.9013671875,
            "test_LL": -54312.15880223948
        },
        "fold_9": {
            "learning_time": 14375.837890625,
            "test_LL": -45214.47972960728
        }
    }
}