{
    "average_learning_time": 0.0001420166015625,
    "average_test_ll": -1834.1732335668628,
    "folds": {
        "fold_1": {
            "learning_time": 0.16455078125,
            "test_ll": -1749.490607359208
        },
        "fold_10": {
            "learning_time": 0.108642578125,
            "test_ll": -2123.441572513954
        },
        "fold_2": {
            "learning_time": 0.212158203125,
            "test_ll": -1716.237016297265
        },
        "fold_3": {
            "learning_time": 0.103271484375,
            "test_ll": -2537.945768160858
        },
        "fold_4": {
            "learning_time": 0.193115234375,
            "test_ll": -1739.5049406852893
        },
        "fold_5": {
            "learning_time": 0.143310546875,
            "test_ll": -1715.0388574432975
        },
        "fold_6": {
            "learning_time": 0.145263671875,
            "test_ll": -1666.6137222757375
        },
        "fold_7": {
            "learning_time": 0.133544921875,
            "test_ll": -1658.5219565318037
        },
        "fold_8": {
            "learning_time": 0.10546875,
            "test_ll": -1721.424420676988
        },
        "fold_9": {
            "learning_time": 0.11083984375,
            "test_ll": -1713.5134737242277
        }
    }
}