{
    "average_learning_time": 21124.527071004934,
    "average_test_LL": -5519.5752618009965,
    "average_train_BIC": -50224.37332355504,
    "folds": {
        "fold_1": {
            "learning_time": 25904210.505903583,
            "test_LL": -7125.455638076284,
            "train_BIC": -50559.096191869365
        },
        "fold_10": {
            "learning_time": 18236147.204211682,
            "test_LL": -6246.152389207863,
            "train_BIC": -48073.829781775814
        },
        "fold_2": {
            "learning_time": 19922123.447075255,
            "test_LL": -5952.039087858044,
            "train_BIC": -50306.70698755785
        },
        "fold_3": {
            "learning_time": 18569958.189514406,
            "test_LL": -5118.415416696001,
            "train_BIC": -49481.23783309738
        },
        "fold_4": {
            "learning_time": 20428448.73923942,
            "test_LL": -5064.140749099248,
            "train_BIC": -50668.03521647604
        },
        "fold_5": {
            "learning_time": 22667543.261406418,
            "test_LL": -5064.989408632078,
            "train_BIC": -50677.905594799915
        },
        "fold_6": {
            "learning_time": 21614383.44345751,
            "test_LL": -5176.351576025587,
            "train_BIC": -51751.76774501768
        },
        "fold_7": {
            "learning_time": 17434813.24407918,
            "test_LL": -5047.34082812697,
            "train_BIC": -49277.840260556666
        },
        "fold_8": {
            "learning_time": 22531044.451728754,
            "test_LL": -5153.623435314208,
            "train_BIC": -51198.372601797324
        },
        "fold_9": {
            "learning_time": 23936598.22343313,
            "test_LL": -5247.244088973687,
            "train_BIC": -50248.941022602354
        }
    }
}