{
    "average_learning_time": 60.20044721679688,
    "average_test_ll": -3229.6289998459206,
    "folds": {
        "fold_1": {
            "learning_time": 53507.638671875,
            "test_ll": -997.8971764584135
        },
        "fold_10": {
            "learning_time": 52580.443115234375,
            "test_ll": -5013.366378440486
        },
        "fold_2": {
            "learning_time": 60069.173828125,
            "test_ll": -3430.1942800715015
        },
        "fold_3": {
            "learning_time": 51578.777099609375,
            "test_ll": -2981.65082774324
        },
        "fold_4": {
            "learning_time": 68344.705078125,
            "test_ll": -2710.388184122985
        },
        "fold_5": {
            "learning_time": 59478.653076171875,
            "test_ll": -3511.112256251807
        },
        "fold_6": {
            "learning_time": 63621.3095703125,
            "test_ll": -3834.186824116591
        },
        "fold_7": {
            "learning_time": 67846.58129882812,
            "test_ll": -3351.4501079868683
        },
        "fold_8": {
            "learning_time": 58454.03466796875,
            "test_ll": -3755.9395424537815
        },
        "fold_9": {
            "learning_time": 66523.15576171875,
            "test_ll": -2710.104420813535
        }
    }
}