{
    "average_learning_time": 2.44293955078125,
    "average_test_ll": -243.08329282670576,
    "folds": {
        "fold_1": {
            "learning_time": 3586.725341796875,
            "test_ll": -151.37765056020817
        },
        "fold_10": {
            "learning_time": 2893.160888671875,
            "test_ll": -324.11448268047076
        },
        "fold_2": {
            "learning_time": 2383.46435546875,
            "test_ll": -299.9710599395718
        },
        "fold_3": {
            "learning_time": 1969.4658203125,
            "test_ll": -237.86993022599955
        },
        "fold_4": {
            "learning_time": 1810.361083984375,
            "test_ll": -345.1495677069128
        },
        "fold_5": {
            "learning_time": 2385.274658203125,
            "test_ll": -418.63289914477923
        },
        "fold_6": {
            "learning_time": 2952.881103515625,
            "test_ll": -228.30711612312365
        },
        "fold_7": {
            "learning_time": 2211.125,
            "test_ll": -96.35739668160895
        },
        "fold_8": {
            "learning_time": 2182.338134765625,
            "test_ll": -181.19761213331697
        },
        "fold_9": {
            "learning_time": 2054.59912109375,
            "test_ll": -147.85521307106538
        }
    }
}