{
    "average_learning_time": 1.2839345947265624,
    "average_test_LL": -243.08329282670576,
    "folds": {
        "fold_1": {
            "learning_time": 1747.87109375,
            "test_LL": -151.37765056020817
        },
        "fold_10": {
            "learning_time": 1168.537841796875,
            "test_LL": -324.11448268047076
        },
        "fold_2": {
            "learning_time": 1038.5185546875,
            "test_LL": -299.9710599395718
        },
        "fold_3": {
            "learning_time": 1029.615478515625,
            "test_LL": -237.86993022599955
        },
        "fold_4": {
            "learning_time": 1270.9462890625,
            "test_LL": -345.1495677069128
        },
        "fold_5": {
            "learning_time": 1163.8447265625,
            "test_LL": -418.63289914477923
        },
        "fold_6": {
            "learning_time": 1218.32080078125,
            "test_LL": -228.30711612312365
        },
        "fold_7": {
            "learning_time": 1197.244873046875,
            "test_LL": -96.35739668160895
        },
        "fold_8": {
            "learning_time": 1444.85107421875,
            "test_LL": -181.19761213331697
        },
        "fold_9": {
            "learning_time": 1559.59521484375,
            "test_LL": -147.85521307106538
        }
    }
}