{
    "average_learning_time": 1.30357939453125,
    "average_test_ll": -243.08329282670576,
    "folds": {
        "fold_1": {
            "learning_time": 1717.953125,
            "test_ll": -151.37765056020817
        },
        "fold_10": {
            "learning_time": 1255.3935546875,
            "test_ll": -324.11448268047076
        },
        "fold_2": {
            "learning_time": 1096.44384765625,
            "test_ll": -299.9710599395718
        },
        "fold_3": {
            "learning_time": 1063.67138671875,
            "test_ll": -237.86993022599955
        },
        "fold_4": {
            "learning_time": 1412.203857421875,
            "test_ll": -345.1495677069128
        },
        "fold_5": {
            "learning_time": 1143.802490234375,
            "test_ll": -418.63289914477923
        },
        "fold_6": {
            "learning_time": 1159.70654296875,
            "test_ll": -228.30711612312365
        },
        "fold_7": {
            "learning_time": 1179.91845703125,
            "test_ll": -96.35739668160895
        },
        "fold_8": {
            "learning_time": 1437.5576171875,
            "test_ll": -181.19761213331697
        },
        "fold_9": {
            "learning_time": 1569.14306640625,
            "test_ll": -147.85521307106538
        }
    }
}