{
    "average_learning_time": 604.5168228271485,
    "average_test_LL": -13220.360732682631,
    "folds": {
        "fold_1": {
            "learning_time": 626321.2268066406,
            "test_LL": -18049.70009339275
        },
        "fold_10": {
            "learning_time": 620109.3823242188,
            "test_LL": -21595.961239067954
        },
        "fold_2": {
            "learning_time": 573073.2534179688,
            "test_LL": -35696.4569412142
        },
        "fold_3": {
            "learning_time": 611892.025390625,
            "test_LL": 17011.403312328654
        },
        "fold_4": {
            "learning_time": 602396.5561523438,
            "test_LL": -5575.8481702442605
        },
        "fold_5": {
            "learning_time": 637033.4489746094,
            "test_LL": -18448.30766006037
        },
        "fold_6": {
            "learning_time": 600423.8178710938,
            "test_LL": -18044.880997266133
        },
        "fold_7": {
            "learning_time": 600368.0432128906,
            "test_LL": -4778.375598313112
        },
        "fold_8": {
            "learning_time": 588476.45703125,
            "test_LL": -11925.026575016498
        },
        "fold_9": {
            "learning_time": 585074.0170898438,
            "test_LL": -15100.453364579666
        }
    }
}