{
    "average_learning_time": 12.069203149414063,
    "average_test_ll": -1026.4208728273697,
    "folds": {
        "fold_1": {
            "learning_time": 8319.6171875,
            "test_ll": -923.7594753164814
        },
        "fold_10": {
            "learning_time": 10319.163330078125,
            "test_ll": -790.9195310780049
        },
        "fold_2": {
            "learning_time": 11633.06787109375,
            "test_ll": -926.667937279991
        },
        "fold_3": {
            "learning_time": 12178.765625,
            "test_ll": -1180.2508408691888
        },
        "fold_4": {
            "learning_time": 14477.3740234375,
            "test_ll": -961.9839649893687
        },
        "fold_5": {
            "learning_time": 9535.73193359375,
            "test_ll": -1141.5608774668015
        },
        "fold_6": {
            "learning_time": 12342.333251953125,
            "test_ll": -1356.6452184184338
        },
        "fold_7": {
            "learning_time": 11724.755615234375,
            "test_ll": -783.5221956252567
        },
        "fold_8": {
            "learning_time": 19442.4296875,
            "test_ll": -1322.5727981793207
        },
        "fold_9": {
            "learning_time": 10718.79296875,
            "test_ll": -876.3258890508488
        }
    }
}