{
    "average_learning_time": 0.0048707031250000005,
    "average_test_ll": -43911.89251782828,
    "folds": {
        "fold_1": {
            "learning_time": 13.643798828125,
            "test_ll": -40962.52154896498
        },
        "fold_10": {
            "learning_time": 3.9443359375,
            "test_ll": -48403.959971155025
        },
        "fold_2": {
            "learning_time": 3.865234375,
            "test_ll": -44197.36829892491
        },
        "fold_3": {
            "learning_time": 3.829833984375,
            "test_ll": -45840.990741030204
        },
        "fold_4": {
            "learning_time": 4.052734375,
            "test_ll": -42835.056604675076
        },
        "fold_5": {
            "learning_time": 3.765869140625,
            "test_ll": -44792.64555739175
        },
        "fold_6": {
            "learning_time": 4.0048828125,
            "test_ll": -42331.20493398642
        },
        "fold_7": {
            "learning_time": 3.7490234375,
            "test_ll": -44013.918387648635
        },
        "fold_8": {
            "learning_time": 3.907470703125,
            "test_ll": -42147.99841016702
        },
        "fold_9": {
            "learning_time": 3.94384765625,
            "test_ll": -43593.26072433876
        }
    }
}