{
    "average_learning_time": 0.00010451660156250001,
    "average_test_ll": -97.87917880703687,
    "folds": {
        "fold_1": {
            "learning_time": 0.126220703125,
            "test_ll": -89.0878370812524
        },
        "fold_10": {
            "learning_time": 0.111083984375,
            "test_ll": -91.44124287571289
        },
        "fold_2": {
            "learning_time": 0.093994140625,
            "test_ll": -89.0878370812524
        },
        "fold_3": {
            "learning_time": 0.118896484375,
            "test_ll": -89.0878370812524
        },
        "fold_4": {
            "learning_time": 0.097412109375,
            "test_ll": -89.0878370812524
        },
        "fold_5": {
            "learning_time": 0.0947265625,
            "test_ll": -119.93278289104431
        },
        "fold_6": {
            "learning_time": 0.098388671875,
            "test_ll": -118.06881185755675
        },
        "fold_7": {
            "learning_time": 0.11083984375,
            "test_ll": -79.24652535562542
        },
        "fold_8": {
            "learning_time": 0.099365234375,
            "test_ll": -135.93115668027957
        },
        "fold_9": {
            "learning_time": 0.09423828125,
            "test_ll": -77.81992008514004
        }
    }
}