{
    "average_learning_time": 1.1938175288817547,
    "average_test_LL": -293.5374563834111,
    "average_train_BIC": -2669.21295446509,
    "folds": {
        "fold_1": {
            "learning_time": 1241.8242308640401,
            "test_LL": -284.8777326606972,
            "train_BIC": -2677.2414275789138
        },
        "fold_10": {
            "learning_time": 1270.1081177474407,
            "test_LL": -302.60210980148935,
            "train_BIC": -2659.54336549263
        },
        "fold_2": {
            "learning_time": 1157.1156439358674,
            "test_LL": -293.5070066146143,
            "train_BIC": -2668.4123245857477
        },
        "fold_3": {
            "learning_time": 1256.4095751067725,
            "test_LL": -288.3677402911836,
            "train_BIC": -2673.7220147351118
        },
        "fold_4": {
            "learning_time": 888.0907986731472,
            "test_LL": -280.9464556266828,
            "train_BIC": -2681.2370733082835
        },
        "fold_5": {
            "learning_time": 1146.4441325215375,
            "test_LL": -298.06577194971624,
            "train_BIC": -2664.1796205794776
        },
        "fold_6": {
            "learning_time": 1346.3423968833013,
            "test_LL": -303.2357748988159,
            "train_BIC": -2664.247741179684
        },
        "fold_7": {
            "learning_time": 1188.9715196421093,
            "test_LL": -303.5040109814736,
            "train_BIC": -2659.3238079941448
        },
        "fold_8": {
            "learning_time": 1145.274249335671,
            "test_LL": -284.088528149789,
            "train_BIC": -2678.00633154798
        },
        "fold_9": {
            "learning_time": 1297.59462410766,
            "test_LL": -296.17943285964935,
            "train_BIC": -2666.2158376489247
        }
    }
}