{
    "average_learning_time": 3.311630810546875,
    "average_test_LL": -32643.86195855583,
    "folds": {
        "fold_1": {
            "learning_time": 3170.1826171875,
            "test_LL": -32645.4940687234
        },
        "fold_10": {
            "learning_time": 3564.606201171875,
            "test_LL": -32590.95996416916
        },
        "fold_2": {
            "learning_time": 3219.382568359375,
            "test_LL": -32578.172104303714
        },
        "fold_3": {
            "learning_time": 3184.982421875,
            "test_LL": -32658.410864132456
        },
        "fold_4": {
            "learning_time": 3150.850830078125,
            "test_LL": -32634.232401623998
        },
        "fold_5": {
            "learning_time": 3334.97509765625,
            "test_LL": -32592.08451281685
        },
        "fold_6": {
            "learning_time": 3259.232421875,
            "test_LL": -32663.94287174259
        },
        "fold_7": {
            "learning_time": 3349.746826171875,
            "test_LL": -32604.62816857464
        },
        "fold_8": {
            "learning_time": 3397.92626953125,
            "test_LL": -32748.57213946205
        },
        "fold_9": {
            "learning_time": 3484.4228515625,
            "test_LL": -32722.12249000938
        }
    }
}