{
  "average_learning_time": 2.3613000000000004,
  "average_test_LL": -1644.740060692899,
  "average_train_BIC": -14510.182557346681,
  "folds": {
    "fold_1": {
      "test_LL": -1663.563548570608,
      "train_BIC": -14462.1384671909,
      "learning_time": 2427
    },
    "fold_2": {
      "test_LL": -1555.817785082237,
      "train_BIC": -14611.055390483103,
      "learning_time": 2369
    },
    "fold_3": {
      "test_LL": -2080.0761966002888,
      "train_BIC": -14212.159332309406,
      "learning_time": 2163
    },
    "fold_4": {
      "test_LL": -1586.7415781873892,
      "train_BIC": -14531.981404132957,
      "learning_time": 2950
    },
    "fold_5": {
      "test_LL": -1537.9260102084859,
      "train_BIC": -14583.328710615126,
      "learning_time": 2405
    },
    "fold_6": {
      "test_LL": -1447.3591147614748,
      "train_BIC": -14674.908646471627,
      "learning_time": 2381
    },
    "fold_7": {
      "test_LL": -1390.156310227759,
      "train_BIC": -14779.81139656135,
      "learning_time": 2067
    },
    "fold_8": {
      "test_LL": -1535.5278950038446,
      "train_BIC": -14630.087263686035,
      "learning_time": 2318
    },
    "fold_9": {
      "test_LL": -1591.8701378593562,
      "train_BIC": -14530.551092957548,
      "learning_time": 2434
    },
    "fold_10": {
      "test_LL": -2058.3620304275455,
      "train_BIC": -14085.80386905876,
      "learning_time": 2099
    }
  }
}