{
  "average_learning_time": 49.6009,
  "average_test_LL": -681.0861112804857,
  "average_train_BIC": -6247.854421851112,
  "folds": {
    "fold_1": {
      "test_LL": -704.981198385872,
      "train_BIC": -6363.203133225191,
      "learning_time": 37206
    },
    "fold_2": {
      "test_LL": -672.0237230648619,
      "train_BIC": -6097.265402933911,
      "learning_time": 47085
    },
    "fold_3": {
      "test_LL": -667.9872460484904,
      "train_BIC": -6261.29911657458,
      "learning_time": 45382
    },
    "fold_4": {
      "test_LL": -687.7508929652674,
      "train_BIC": -6375.019718707411,
      "learning_time": 48934
    },
    "fold_5": {
      "test_LL": -704.5166916757489,
      "train_BIC": -6041.501328392495,
      "learning_time": 82270
    },
    "fold_6": {
      "test_LL": -740.6332254472492,
      "train_BIC": -6180.59447257353,
      "learning_time": 45493
    },
    "fold_7": {
      "test_LL": -667.3726169589479,
      "train_BIC": -6372.2271689164,
      "learning_time": 39096
    },
    "fold_8": {
      "test_LL": -666.9576365254012,
      "train_BIC": -6138.620231834712,
      "learning_time": 56747
    },
    "fold_9": {
      "test_LL": -640.4618317695872,
      "train_BIC": -6243.117290425066,
      "learning_time": 44986
    },
    "fold_10": {
      "test_LL": -658.1760499634302,
      "train_BIC": -6405.696354927827,
      "learning_time": 48810
    }
  }
}