{
    "average_learning_time": 95.99549422518757,
    "average_test_LL": -216.01478380035064,
    "average_train_BIC": -1638.0084367880504,
    "folds": {
        "fold_1": {
            "learning_time": 97404.28316743055,
            "test_LL": -154.02147208327526,
            "train_BIC": -1662.5174628974692
        },
        "fold_10": {
            "learning_time": 91445.5826754056,
            "test_LL": -205.86090740149285,
            "train_BIC": -1614.072656302805
        },
        "fold_2": {
            "learning_time": 72681.33342667716,
            "test_LL": -178.30788780615373,
            "train_BIC": -1641.9943213098163
        },
        "fold_3": {
            "learning_time": 103401.22138972947,
            "test_LL": -191.47008811121094,
            "train_BIC": -1631.0028350361908
        },
        "fold_4": {
            "learning_time": 94007.21781390894,
            "test_LL": -256.85119038792635,
            "train_BIC": -1632.0636180444997
        },
        "fold_5": {
            "learning_time": 127361.82271836878,
            "test_LL": -156.99452931287777,
            "train_BIC": -1661.6132143319644
        },
        "fold_6": {
            "learning_time": 108837.64887970756,
            "test_LL": -424.269797433497,
            "train_BIC": -1660.6240263625357
        },
        "fold_7": {
            "learning_time": 79487.84001087188,
            "test_LL": -179.04127578671694,
            "train_BIC": -1644.5128192532184
        },
        "fold_8": {
            "learning_time": 94777.61591142917,
            "test_LL": -185.41967422334932,
            "train_BIC": -1636.3053579554514
        },
        "fold_9": {
            "learning_time": 90550.37625834666,
            "test_LL": -227.9110154570062,
            "train_BIC": -1595.3780563865553
        }
    }
}