{
    "average_learning_time": 44.631690037928635,
    "average_test_LL": -321.5530646986789,
    "average_train_BIC": -2491.9343938684383,
    "folds": {
        "fold_1": {
            "learning_time": 31474.036206847813,
            "test_LL": -250.27161672925595,
            "train_BIC": -2504.513588452647
        },
        "fold_10": {
            "learning_time": 53215.94551547605,
            "test_LL": -319.51282917732294,
            "train_BIC": -2428.5411563560056
        },
        "fold_2": {
            "learning_time": 29871.360370518232,
            "test_LL": -320.9846383891494,
            "train_BIC": -2485.790935478405
        },
        "fold_3": {
            "learning_time": 65204.667729158245,
            "test_LL": -378.98268227785974,
            "train_BIC": -2493.417865194986
        },
        "fold_4": {
            "learning_time": 33168.435841398605,
            "test_LL": -244.29881541847524,
            "train_BIC": -2513.445297728131
        },
        "fold_5": {
            "learning_time": 48840.99348350719,
            "test_LL": -217.10306850616246,
            "train_BIC": -2502.5103317538606
        },
        "fold_6": {
            "learning_time": 41226.76188904006,
            "test_LL": -253.4349262377276,
            "train_BIC": -2493.2198349282326
        },
        "fold_7": {
            "learning_time": 39924.54164032824,
            "test_LL": -331.9415531719873,
            "train_BIC": -2496.620004720414
        },
        "fold_8": {
            "learning_time": 52598.98427875305,
            "test_LL": -371.396629827262,
            "train_BIC": -2490.182779065085
        },
        "fold_9": {
            "learning_time": 50791.17342425889,
            "test_LL": -527.6038872515858,
            "train_BIC": -2511.102145006613
        }
    }
}