{
  "average_learning_time": 3.3082,
  "average_test_LL": -44.71927259372488,
  "average_train_BIC": -444.55432742252697,
  "folds": {
    "fold_1": {
      "test_LL": -46.525644480545836,
      "train_BIC": -445.1699024949478,
      "learning_time": 3421
    },
    "fold_2": {
      "test_LL": -26.509899585551377,
      "train_BIC": -464.09222205674587,
      "learning_time": 3254
    },
    "fold_3": {
      "test_LL": -38.901431393586066,
      "train_BIC": -452.24351630787163,
      "learning_time": 3307
    },
    "fold_4": {
      "test_LL": -48.637557298320196,
      "train_BIC": -441.08402463121445,
      "learning_time": 3264
    },
    "fold_5": {
      "test_LL": -43.42866929088927,
      "train_BIC": -444.80005779522577,
      "learning_time": 3175
    },
    "fold_6": {
      "test_LL": -42.23043714390698,
      "train_BIC": -447.07891110444325,
      "learning_time": 3457
    },
    "fold_7": {
      "test_LL": -72.74284060057114,
      "train_BIC": -416.91675385911884,
      "learning_time": 3313
    },
    "fold_8": {
      "test_LL": -0.13706041128690766,
      "train_BIC": -492.95583232196094,
      "learning_time": 3289
    },
    "fold_9": {
      "test_LL": -47.464681595462736,
      "train_BIC": -439.2155272550759,
      "learning_time": 3312
    },
    "fold_10": {
      "test_LL": -80.6145041371284,
      "train_BIC": -401.9865263986661,
      "learning_time": 3290
    }
  }
}