{
    "average_learning_time": 6977.544923488772,
    "average_test_LL": -264750.7582702526,
    "average_train_BIC": -112225.74006334695,
    "folds": {
        "fold_1": {
            "learning_time": 8808487.867092684,
            "test_LL": -4418.52323845723,
            "train_BIC": -112270.40464591589
        },
        "fold_10": {
            "learning_time": 12573424.870198928,
            "test_LL": -87478.29804348206,
            "train_BIC": -111328.94358925142
        },
        "fold_2": {
            "learning_time": 7252059.086893277,
            "test_LL": -256131.47231071634,
            "train_BIC": -112606.45911544298
        },
        "fold_3": {
            "learning_time": 5231080.676462792,
            "test_LL": -144181.53629228566,
            "train_BIC": -112278.56660045688
        },
        "fold_4": {
            "learning_time": 5940781.383093694,
            "test_LL": -4681.237953649422,
            "train_BIC": -112446.88294450394
        },
        "fold_5": {
            "learning_time": 6510177.075194951,
            "test_LL": -600833.620394381,
            "train_BIC": -112197.73695820395
        },
        "fold_6": {
            "learning_time": 5689958.641729594,
            "test_LL": -117118.37115677871,
            "train_BIC": -112379.23674514252
        },
        "fold_7": {
            "learning_time": 8124421.981387117,
            "test_LL": -554243.8150531463,
            "train_BIC": -111877.90404131757
        },
        "fold_8": {
            "learning_time": 3475424.3331614705,
            "test_LL": -505585.1817027562,
            "train_BIC": -112220.83723041927
        },
        "fold_9": {
            "learning_time": 6169633.319673201,
            "test_LL": -372835.52655687364,
            "train_BIC": -112650.42876281524
        }
    }
}