{
    "average_learning_time": 0.005233642578125,
    "average_test_LL": -5.308804363352918,
    "folds": {
        "fold_1": {
            "learning_time": 5.068115234375,
            "test_LL": 0.19338023122153236
        },
        "fold_10": {
            "learning_time": 6.0595703125,
            "test_LL": 28.959029208277805
        },
        "fold_2": {
            "learning_time": 5.096435546875,
            "test_LL": -18.155878430114555
        },
        "fold_3": {
            "learning_time": 5.027587890625,
            "test_LL": 10.66506546142382
        },
        "fold_4": {
            "learning_time": 5.09375,
            "test_LL": -40.47936139302346
        },
        "fold_5": {
            "learning_time": 4.992919921875,
            "test_LL": -10.423823614295868
        },
        "fold_6": {
            "learning_time": 5.02197265625,
            "test_LL": -16.758754286638307
        },
        "fold_7": {
            "learning_time": 5.382568359375,
            "test_LL": 0.9251519823874823
        },
        "fold_8": {
            "learning_time": 5.35498046875,
            "test_LL": -10.713840419787601
        },
        "fold_9": {
            "learning_time": 5.238525390625,
            "test_LL": 2.7009876270199884
        }
    }
}