{
    "average_learning_time": 0.00026953125,
    "average_test_ll": 31175.91761262027,
    "folds": {
        "fold_1": {
            "learning_time": 0.357421875,
            "test_ll": 30493.419281824714
        },
        "fold_10": {
            "learning_time": 0.273193359375,
            "test_ll": 31471.917216962313
        },
        "fold_2": {
            "learning_time": 0.2744140625,
            "test_ll": 29369.713740320607
        },
        "fold_3": {
            "learning_time": 0.2490234375,
            "test_ll": 30826.77146271585
        },
        "fold_4": {
            "learning_time": 0.24853515625,
            "test_ll": 31933.44250534813
        },
        "fold_5": {
            "learning_time": 0.248779296875,
            "test_ll": 31262.779496892173
        },
        "fold_6": {
            "learning_time": 0.302001953125,
            "test_ll": 31654.462630400885
        },
        "fold_7": {
            "learning_time": 0.250244140625,
            "test_ll": 31937.58995032789
        },
        "fold_8": {
            "learning_time": 0.24462890625,
            "test_ll": 31358.692534026122
        },
        "fold_9": {
            "learning_time": 0.2470703125,
            "test_ll": 31450.387307383964
        }
    }
}