{
    "average_learning_time": 0.68351826171875,
    "average_test_ll": 31175.91761262027,
    "folds": {
        "fold_1": {
            "learning_time": 711.916259765625,
            "test_ll": 30493.419281824714
        },
        "fold_10": {
            "learning_time": 680.187255859375,
            "test_ll": 31471.917216962313
        },
        "fold_2": {
            "learning_time": 695.137939453125,
            "test_ll": 29369.713740320607
        },
        "fold_3": {
            "learning_time": 697.942138671875,
            "test_ll": 30826.77146271585
        },
        "fold_4": {
            "learning_time": 663.92626953125,
            "test_ll": 31933.44250534813
        },
        "fold_5": {
            "learning_time": 669.463134765625,
            "test_ll": 31262.779496892173
        },
        "fold_6": {
            "learning_time": 668.131103515625,
            "test_ll": 31654.462630400885
        },
        "fold_7": {
            "learning_time": 691.097412109375,
            "test_ll": 31937.58995032789
        },
        "fold_8": {
            "learning_time": 687.468017578125,
            "test_ll": 31358.692534026122
        },
        "fold_9": {
            "learning_time": 669.9130859375,
            "test_ll": 31450.387307383964
        }
    }
}