{
    "average_learning_time": 27531.157407872015,
    "average_test_LL": -30597.768162140652,
    "average_train_BIC": -46032.71032197654,
    "folds": {
        "fold_1": {
            "learning_time": 26028095.632776763,
            "test_LL": -7825.280741895563,
            "train_BIC": -45733.09682366556
        },
        "fold_10": {
            "learning_time": 24291182.458854806,
            "test_LL": -8957.082546269481,
            "train_BIC": -45252.5437610901
        },
        "fold_2": {
            "learning_time": 33995304.02706545,
            "test_LL": -7682.0742408448505,
            "train_BIC": -46190.900898677224
        },
        "fold_3": {
            "learning_time": 25995258.647401437,
            "test_LL": -19282.30315160229,
            "train_BIC": -45482.05441913365
        },
        "fold_4": {
            "learning_time": 30604579.67852356,
            "test_LL": -29179.843079920578,
            "train_BIC": -46263.24837803317
        },
        "fold_5": {
            "learning_time": 26968167.706931856,
            "test_LL": -72694.30523602926,
            "train_BIC": -46323.92789831305
        },
        "fold_6": {
            "learning_time": 24097730.35252854,
            "test_LL": -4869.220270359252,
            "train_BIC": -47112.62153699251
        },
        "fold_7": {
            "learning_time": 27715741.287193406,
            "test_LL": -145836.0364569401,
            "train_BIC": -46186.72740564525
        },
        "fold_8": {
            "learning_time": 26368201.32619125,
            "test_LL": -6820.033026488409,
            "train_BIC": -45858.71128624795
        },
        "fold_9": {
            "learning_time": 29247312.961253107,
            "test_LL": -2831.5028710567926,
            "train_BIC": -45923.27081196705
        }
    }
}