{
    "average_learning_time": 1.7058055740501914,
    "average_test_LL": -89.98238042828534,
    "average_train_BIC": -845.0530054453009,
    "folds": {
        "fold_1": {
            "learning_time": 1616.3306903863486,
            "test_LL": -94.02723090848247,
            "train_BIC": -841.046976885282
        },
        "fold_10": {
            "learning_time": 1580.0193456116176,
            "test_LL": -89.68781913175327,
            "train_BIC": -846.4029502143146
        },
        "fold_2": {
            "learning_time": 1690.9413382409184,
            "test_LL": -87.78687897825156,
            "train_BIC": -846.8707095886228
        },
        "fold_3": {
            "learning_time": 1687.2842716502419,
            "test_LL": -86.15587446979994,
            "train_BIC": -848.966359512979
        },
        "fold_4": {
            "learning_time": 1739.149518684826,
            "test_LL": -87.64564211478609,
            "train_BIC": -846.4810417356771
        },
        "fold_5": {
            "learning_time": 1842.2402688147486,
            "test_LL": -92.41843534600464,
            "train_BIC": -842.5885300381822
        },
        "fold_6": {
            "learning_time": 1653.8801338556368,
            "test_LL": -88.91980858117016,
            "train_BIC": -845.2622660971557
        },
        "fold_7": {
            "learning_time": 1839.284774452608,
            "test_LL": -89.39493162356094,
            "train_BIC": -844.9477444062879
        },
        "fold_8": {
            "learning_time": 1655.4815376130136,
            "test_LL": -102.71964399218788,
            "train_BIC": -834.0020400936633
        },
        "fold_9": {
            "learning_time": 1753.443861191954,
            "test_LL": -81.06753913685645,
            "train_BIC": -853.9614358808449
        }
    }
}