{
    "average_learning_time": 310.80707328389434,
    "average_test_LL": -10500.841219194872,
    "average_train_BIC": -83943.62508935736,
    "folds": {
        "fold_1": {
            "learning_time": 498258.51812411926,
            "test_LL": -9870.016616117196,
            "train_BIC": -83825.94168734927
        },
        "fold_10": {
            "learning_time": 346603.30280583,
            "test_LL": -10666.55778883447,
            "train_BIC": -83354.79848957092
        },
        "fold_2": {
            "learning_time": 261352.51756101934,
            "test_LL": -9178.23764100834,
            "train_BIC": -83722.05839162451
        },
        "fold_3": {
            "learning_time": 306944.1177026674,
            "test_LL": -10100.824032023791,
            "train_BIC": -83473.53487221383
        },
        "fold_4": {
            "learning_time": 217760.23117647856,
            "test_LL": -9876.751928918176,
            "train_BIC": -83595.85019987056
        },
        "fold_5": {
            "learning_time": 312416.71448565467,
            "test_LL": -9698.349408922117,
            "train_BIC": -84554.85371538697
        },
        "fold_6": {
            "learning_time": 149507.79981738015,
            "test_LL": -15880.47164059456,
            "train_BIC": -84621.84903777811
        },
        "fold_7": {
            "learning_time": 315054.16566813074,
            "test_LL": -8935.448200307408,
            "train_BIC": -84626.0202573372
        },
        "fold_8": {
            "learning_time": 331028.1155197663,
            "test_LL": -10132.681325810569,
            "train_BIC": -83834.7405125682
        },
        "fold_9": {
            "learning_time": 369145.24997789704,
            "test_LL": -10669.0736094121,
            "train_BIC": -83826.603729874
        }
    }
}