{
  "average_learning_time": 3.648,
  "average_test_LL": -457.20927169622684,
  "average_train_BIC": -3794.637268927181,
  "folds": {
    "fold_1": {
      "test_LL": -383.6475093599174,
      "train_BIC": -3853.7586561932685,
      "learning_time": 3365
    },
    "fold_2": {
      "test_LL": -416.8025111743758,
      "train_BIC": -3825.8353028546458,
      "learning_time": 3353
    },
    "fold_3": {
      "test_LL": -400.842412894453,
      "train_BIC": -3811.0581491108505,
      "learning_time": 4520
    },
    "fold_4": {
      "test_LL": -393.86163548332274,
      "train_BIC": -3842.616002764472,
      "learning_time": 3315
    },
    "fold_5": {
      "test_LL": -383.40043631069585,
      "train_BIC": -3849.7637321499615,
      "learning_time": 3373
    },
    "fold_6": {
      "test_LL": -375.0603357720723,
      "train_BIC": -3861.0390748394448,
      "learning_time": 3349
    },
    "fold_7": {
      "test_LL": -413.69246087157455,
      "train_BIC": -3829.7611536806126,
      "learning_time": 3318
    },
    "fold_8": {
      "test_LL": -741.9383888408445,
      "train_BIC": -3706.7075569630806,
      "learning_time": 3524
    },
    "fold_9": {
      "test_LL": -430.1746461301846,
      "train_BIC": -3811.0936927284165,
      "learning_time": 3601
    },
    "fold_10": {
      "test_LL": -632.6723801248271,
      "train_BIC": -3554.7393679870574,
      "learning_time": 4762
    }
  }
}