{
    "average_learning_time": 0.0701773193359375,
    "average_test_LL": -5312.551633192666,
    "folds": {
        "fold_1": {
            "learning_time": 69.963134765625,
            "test_LL": -5273.5778430886785
        },
        "fold_10": {
            "learning_time": 73.68798828125,
            "test_LL": -5650.015176220066
        },
        "fold_2": {
            "learning_time": 73.971435546875,
            "test_LL": -5296.733007246086
        },
        "fold_3": {
            "learning_time": 66.926025390625,
            "test_LL": -5254.417232455631
        },
        "fold_4": {
            "learning_time": 69.616455078125,
            "test_LL": -5270.502604371414
        },
        "fold_5": {
            "learning_time": 68.81640625,
            "test_LL": -5284.876260539117
        },
        "fold_6": {
            "learning_time": 70.27392578125,
            "test_LL": -5262.9427315969
        },
        "fold_7": {
            "learning_time": 74.52294921875,
            "test_LL": -5277.084720509653
        },
        "fold_8": {
            "learning_time": 68.149658203125,
            "test_LL": -5279.786700127126
        },
        "fold_9": {
            "learning_time": 65.84521484375,
            "test_LL": -5275.580055771974
        }
    }
}