{
    "average_learning_time": 0.00011552734375,
    "average_test_ll": -5312.551633192666,
    "folds": {
        "fold_1": {
            "learning_time": 0.12255859375,
            "test_ll": -5273.5778430886785
        },
        "fold_10": {
            "learning_time": 0.106689453125,
            "test_ll": -5650.015176220066
        },
        "fold_2": {
            "learning_time": 0.10791015625,
            "test_ll": -5296.733007246086
        },
        "fold_3": {
            "learning_time": 0.143798828125,
            "test_ll": -5254.417232455631
        },
        "fold_4": {
            "learning_time": 0.112548828125,
            "test_ll": -5270.502604371414
        },
        "fold_5": {
            "learning_time": 0.117431640625,
            "test_ll": -5284.876260539117
        },
        "fold_6": {
            "learning_time": 0.10498046875,
            "test_ll": -5262.9427315969
        },
        "fold_7": {
            "learning_time": 0.10791015625,
            "test_ll": -5277.084720509653
        },
        "fold_8": {
            "learning_time": 0.1162109375,
            "test_ll": -5279.786700127126
        },
        "fold_9": {
            "learning_time": 0.115234375,
            "test_ll": -5275.580055771974
        }
    }
}