{
    "average_learning_time": 142.22386379394533,
    "average_test_LL": -26768.919876153166,
    "folds": {
        "fold_1": {
            "learning_time": 144074.49145507812,
            "test_LL": -16747.1223058986
        },
        "fold_10": {
            "learning_time": 131358.84375,
            "test_LL": -41326.15754103008
        },
        "fold_2": {
            "learning_time": 153722.37548828125,
            "test_LL": -27799.027052371814
        },
        "fold_3": {
            "learning_time": 134672.08935546875,
            "test_LL": -33474.21887016982
        },
        "fold_4": {
            "learning_time": 147138.40893554688,
            "test_LL": -22251.59655475216
        },
        "fold_5": {
            "learning_time": 145614.60913085938,
            "test_LL": -28740.670447076405
        },
        "fold_6": {
            "learning_time": 145176.99389648438,
            "test_LL": -21536.045776215477
        },
        "fold_7": {
            "learning_time": 134284.36938476562,
            "test_LL": -27839.970068216517
        },
        "fold_8": {
            "learning_time": 145402.36694335938,
            "test_LL": -21672.25221390003
        },
        "fold_9": {
            "learning_time": 140794.08959960938,
            "test_LL": -26302.137931900746
        }
    }
}