{
    "average_learning_time": 0.0001248291015625,
    "average_test_LL": -306.8222538391996,
    "folds": {
        "fold_1": {
            "learning_time": 0.11669921875,
            "test_LL": -303.4319641876146
        },
        "fold_10": {
            "learning_time": 0.1083984375,
            "test_LL": -317.9402975278438
        },
        "fold_2": {
            "learning_time": 0.124755859375,
            "test_LL": -306.3258109469243
        },
        "fold_3": {
            "learning_time": 0.1025390625,
            "test_LL": -304.1345816090575
        },
        "fold_4": {
            "learning_time": 0.130859375,
            "test_LL": -301.35372603477407
        },
        "fold_5": {
            "learning_time": 0.106689453125,
            "test_LL": -308.1612581338428
        },
        "fold_6": {
            "learning_time": 0.109619140625,
            "test_LL": -305.9616128936084
        },
        "fold_7": {
            "learning_time": 0.158447265625,
            "test_LL": -309.8189309846322
        },
        "fold_8": {
            "learning_time": 0.175048828125,
            "test_LL": -302.8366491981922
        },
        "fold_9": {
            "learning_time": 0.115234375,
            "test_LL": -308.257706875506
        }
    }
}