{
    "average_learning_time": 0.033287182617187494,
    "average_test_ll": -657.475761944316,
    "folds": {
        "fold_1": {
            "learning_time": 31.788818359375,
            "test_ll": -846.5744535577167
        },
        "fold_10": {
            "learning_time": 34.22021484375,
            "test_ll": -379.31453621299335
        },
        "fold_2": {
            "learning_time": 32.62939453125,
            "test_ll": -918.9436120600858
        },
        "fold_3": {
            "learning_time": 31.524169921875,
            "test_ll": -726.260247649813
        },
        "fold_4": {
            "learning_time": 31.7138671875,
            "test_ll": -594.002071495558
        },
        "fold_5": {
            "learning_time": 32.444580078125,
            "test_ll": -599.9094368200924
        },
        "fold_6": {
            "learning_time": 34.613037109375,
            "test_ll": -894.9761281879108
        },
        "fold_7": {
            "learning_time": 35.411865234375,
            "test_ll": -782.7899449711515
        },
        "fold_8": {
            "learning_time": 33.564453125,
            "test_ll": -443.15529837085205
        },
        "fold_9": {
            "learning_time": 34.96142578125,
            "test_ll": -388.8318901169866
        }
    }
}