{
    "average_learning_time": 8.502677215969301,
    "average_test_LL": -258.55983648877884,
    "average_train_BIC": -2498.5866509051893,
    "folds": {
        "fold_1": {
            "learning_time": 8601.621434079107,
            "test_LL": -246.85766071459693,
            "train_BIC": -2504.5586109893497
        },
        "fold_10": {
            "learning_time": 9450.962502931816,
            "test_LL": -321.7667486489396,
            "train_BIC": -2429.684367724262
        },
        "fold_2": {
            "learning_time": 9779.767382563365,
            "test_LL": -272.06388235464857,
            "train_BIC": -2481.3128430237234
        },
        "fold_3": {
            "learning_time": 8320.201039021867,
            "test_LL": -253.57129125185511,
            "train_BIC": -2496.915863896834
        },
        "fold_4": {
            "learning_time": 10409.957829019731,
            "test_LL": -237.18823122983233,
            "train_BIC": -2513.4838770280785
        },
        "fold_5": {
            "learning_time": 6832.485451190678,
            "test_LL": -244.7277879148882,
            "train_BIC": -2514.3668283681973
        },
        "fold_6": {
            "learning_time": 6953.119850304006,
            "test_LL": -257.5272614683286,
            "train_BIC": -2501.7941271288555
        },
        "fold_7": {
            "learning_time": 8532.644314122423,
            "test_LL": -257.69848581109784,
            "train_BIC": -2511.5827059127337
        },
        "fold_8": {
            "learning_time": 9299.41523724949,
            "test_LL": -258.47625705132225,
            "train_BIC": -2509.021575841507
        },
        "fold_9": {
            "learning_time": 6846.597119210514,
            "test_LL": -235.72075844227925,
            "train_BIC": -2523.1457091383536
        }
    }
}