{
    "average_learning_time": 496.92631887147576,
    "average_test_LL": -20307.368056566465,
    "average_train_BIC": -112759.54247113285,
    "folds": {
        "fold_1": {
            "learning_time": 257389.64417054012,
            "test_LL": -22606.746790829293,
            "train_BIC": -112727.66750285517
        },
        "fold_10": {
            "learning_time": 217717.85963752336,
            "test_LL": -22270.21712153743,
            "train_BIC": -112760.35483457636
        },
        "fold_2": {
            "learning_time": 230757.12979801392,
            "test_LL": -19851.771541953578,
            "train_BIC": -113000.27640509816
        },
        "fold_3": {
            "learning_time": 784357.5522231876,
            "test_LL": -20103.262749284884,
            "train_BIC": -112300.30062824477
        },
        "fold_4": {
            "learning_time": 556820.670371937,
            "test_LL": -16995.943808905286,
            "train_BIC": -113125.02122954854
        },
        "fold_5": {
            "learning_time": 809743.5446923992,
            "test_LL": -19331.59115612006,
            "train_BIC": -112698.80891789071
        },
        "fold_6": {
            "learning_time": 808571.7596484064,
            "test_LL": -15904.449723456572,
            "train_BIC": -112914.66191794623
        },
        "fold_7": {
            "learning_time": 257901.75842717144,
            "test_LL": -22351.927974122922,
            "train_BIC": -112707.01922595718
        },
        "fold_8": {
            "learning_time": 808827.0808412526,
            "test_LL": -21574.76626073781,
            "train_BIC": -112337.85966650261
        },
        "fold_9": {
            "learning_time": 237176.1889043264,
            "test_LL": -22083.003438716816,
            "train_BIC": -113023.45438270885
        }
    }
}