{
    "average_learning_time": 9.443359375000001e-05,
    "average_test_ll": -663.6884130520086,
    "folds": {
        "fold_1": {
            "learning_time": 0.09326171875,
            "test_ll": -629.0738003923165
        },
        "fold_10": {
            "learning_time": 0.121337890625,
            "test_ll": -904.5171150777192
        },
        "fold_2": {
            "learning_time": 0.133544921875,
            "test_ll": -622.3278787507959
        },
        "fold_3": {
            "learning_time": 0.103759765625,
            "test_ll": -626.781619931665
        },
        "fold_4": {
            "learning_time": 0.08056640625,
            "test_ll": -633.7142051180915
        },
        "fold_5": {
            "learning_time": 0.069091796875,
            "test_ll": -632.2266159649499
        },
        "fold_6": {
            "learning_time": 0.093017578125,
            "test_ll": -642.9235387111075
        },
        "fold_7": {
            "learning_time": 0.0966796875,
            "test_ll": -644.7252801361899
        },
        "fold_8": {
            "learning_time": 0.072265625,
            "test_ll": -649.3395286018351
        },
        "fold_9": {
            "learning_time": 0.080810546875,
            "test_ll": -651.2545478354162
        }
    }
}