{
    "average_learning_time": 328.52139077368486,
    "average_test_LL": -288.345583747893,
    "average_train_BIC": -2617.8843591479263,
    "folds": {
        "fold_1": {
            "learning_time": 296763.5313252249,
            "test_LL": -298.5162108326843,
            "train_BIC": -2610.725126029266
        },
        "fold_10": {
            "learning_time": 229257.09377409657,
            "test_LL": -362.7286906340228,
            "train_BIC": -2545.8645783035527
        },
        "fold_2": {
            "learning_time": 349596.97179352224,
            "test_LL": -230.51277003745918,
            "train_BIC": -2672.527110910946
        },
        "fold_3": {
            "learning_time": 327912.68466091424,
            "test_LL": -210.0554626436451,
            "train_BIC": -2696.7355131271843
        },
        "fold_4": {
            "learning_time": 369924.61649853794,
            "test_LL": -319.7790667312433,
            "train_BIC": -2589.974756523613
        },
        "fold_5": {
            "learning_time": 418116.1206786055,
            "test_LL": -287.8864217396238,
            "train_BIC": -2613.2114673498836
        },
        "fold_6": {
            "learning_time": 324769.77393840207,
            "test_LL": -288.81411145180994,
            "train_BIC": -2619.2125371115653
        },
        "fold_7": {
            "learning_time": 313097.0653024269,
            "test_LL": -324.1976921158693,
            "train_BIC": -2581.9215127982716
        },
        "fold_8": {
            "learning_time": 360126.8828885368,
            "test_LL": -246.20502279879275,
            "train_BIC": -2655.6032040571654
        },
        "fold_9": {
            "learning_time": 295649.16687658115,
            "test_LL": -314.7603884937793,
            "train_BIC": -2593.067785267809
        }
    }
}