{
    "average_learning_time": 67.41712876073117,
    "average_test_LL": -1352.7058842842398,
    "average_train_BIC": -10644.041473281353,
    "folds": {
        "fold_1": {
            "learning_time": 63642.15396470065,
            "test_LL": -2083.3447817987544,
            "train_BIC": -10542.842803110574
        },
        "fold_10": {
            "learning_time": 60011.76704736202,
            "test_LL": -2460.3269069927373,
            "train_BIC": -10111.741064033375
        },
        "fold_2": {
            "learning_time": 65776.82696203895,
            "test_LL": -1559.9831083773236,
            "train_BIC": -10264.275586067004
        },
        "fold_3": {
            "learning_time": 70690.85319460634,
            "test_LL": -1087.1376363031065,
            "train_BIC": -10719.798928542707
        },
        "fold_4": {
            "learning_time": 71085.98628638353,
            "test_LL": -804.8492259782482,
            "train_BIC": -10836.322006492599
        },
        "fold_5": {
            "learning_time": 68024.34067284508,
            "test_LL": -1118.7060312575238,
            "train_BIC": -11042.49995776562
        },
        "fold_6": {
            "learning_time": 72335.01606769022,
            "test_LL": -702.6869439738063,
            "train_BIC": -11174.74835879022
        },
        "fold_7": {
            "learning_time": 68601.59486324454,
            "test_LL": -1197.7699462240812,
            "train_BIC": -10546.900991551058
        },
        "fold_8": {
            "learning_time": 65859.72183402117,
            "test_LL": -1055.0244572647716,
            "train_BIC": -10652.243048025817
        },
        "fold_9": {
            "learning_time": 68143.02671441919,
            "test_LL": -1457.2298046720439,
            "train_BIC": -10549.041988434567
        }
    }
}