{
    "average_learning_time": 17.720025,
    "average_test_ll": -30816.14112758169,
    "folds": {
        "fold_1": {
            "learning_time": 25852.978515625,
            "test_ll": -30995.003625226243
        },
        "fold_10": {
            "learning_time": 15429.88427734375,
            "test_ll": -30712.966528588844
        },
        "fold_2": {
            "learning_time": 16137.839111328125,
            "test_ll": -30606.896993615115
        },
        "fold_3": {
            "learning_time": 16468.921875,
            "test_ll": -30519.531594495507
        },
        "fold_4": {
            "learning_time": 16757.98779296875,
            "test_ll": -30724.081331919348
        },
        "fold_5": {
            "learning_time": 15083.36279296875,
            "test_ll": -30635.506696952743
        },
        "fold_6": {
            "learning_time": 24091.097900390625,
            "test_ll": -31068.84966859612
        },
        "fold_7": {
            "learning_time": 16728.836669921875,
            "test_ll": -30815.65511553193
        },
        "fold_8": {
            "learning_time": 15647.530517578125,
            "test_ll": -30982.43194576667
        },
        "fold_9": {
            "learning_time": 15001.810546875,
            "test_ll": -31100.487775124402
        }
    }
}