{
    "average_learning_time": 69.9044939453125,
    "average_test_ll": -6579.401193959627,
    "folds": {
        "fold_1": {
            "learning_time": 72890.48657226562,
            "test_ll": -10705.629060214504
        },
        "fold_10": {
            "learning_time": 75928.6650390625,
            "test_ll": -2796.6298325036764
        },
        "fold_2": {
            "learning_time": 78387.0791015625,
            "test_ll": -9992.123894429302
        },
        "fold_3": {
            "learning_time": 74470.26000976562,
            "test_ll": -7990.61505983009
        },
        "fold_4": {
            "learning_time": 70115.69604492188,
            "test_ll": -5298.863385659035
        },
        "fold_5": {
            "learning_time": 62492.1142578125,
            "test_ll": -6068.37107128761
        },
        "fold_6": {
            "learning_time": 74558.8515625,
            "test_ll": -9617.288211619765
        },
        "fold_7": {
            "learning_time": 60139.8828125,
            "test_ll": -8189.4215410304405
        },
        "fold_8": {
            "learning_time": 70359.63989257812,
            "test_ll": -2540.7085867045344
        },
        "fold_9": {
            "learning_time": 59702.26416015625,
            "test_ll": -2594.3612963173105
        }
    }
}