{
    "average_learning_time": 0.000135595703125,
    "average_test_ll": -253.1866582037669,
    "folds": {
        "fold_1": {
            "learning_time": 0.142333984375,
            "test_ll": -247.79100253599535
        },
        "fold_10": {
            "learning_time": 0.21044921875,
            "test_ll": -273.2838980278654
        },
        "fold_2": {
            "learning_time": 0.129638671875,
            "test_ll": -251.29151646064096
        },
        "fold_3": {
            "learning_time": 0.10791015625,
            "test_ll": -251.7369469628434
        },
        "fold_4": {
            "learning_time": 0.14111328125,
            "test_ll": -252.64587214458294
        },
        "fold_5": {
            "learning_time": 0.11474609375,
            "test_ll": -249.45232088628958
        },
        "fold_6": {
            "learning_time": 0.13427734375,
            "test_ll": -247.58146744190228
        },
        "fold_7": {
            "learning_time": 0.107421875,
            "test_ll": -250.99289989230368
        },
        "fold_8": {
            "learning_time": 0.153564453125,
            "test_ll": -250.9813179639634
        },
        "fold_9": {
            "learning_time": 0.114501953125,
            "test_ll": -256.1093397212823
        }
    }
}