{
  "average_learning_time": 486.4325,
  "average_test_LL": 74.98178244774158,
  "average_train_BIC": 556.198613786115,
  "folds": {
    "fold_1": {
      "test_LL": 92.58301448030488,
      "train_BIC": 536.8955712495028,
      "learning_time": 516691
    },
    "fold_2": {
      "test_LL": 75.75713921155115,
      "train_BIC": 555.6800222251554,
      "learning_time": 503462
    },
    "fold_3": {
      "test_LL": 113.06875354599035,
      "train_BIC": 514.6773795647607,
      "learning_time": 507629
    },
    "fold_4": {
      "test_LL": 66.06396993654481,
      "train_BIC": 533.6760049329702,
      "learning_time": 337495
    },
    "fold_5": {
      "test_LL": 77.9631308160718,
      "train_BIC": 602.5323649764691,
      "learning_time": 469673
    },
    "fold_6": {
      "test_LL": 19.418579725058112,
      "train_BIC": 635.7256868714519,
      "learning_time": 485352
    },
    "fold_7": {
      "test_LL": 54.23311655636192,
      "train_BIC": 543.4535484487409,
      "learning_time": 591941
    },
    "fold_8": {
      "test_LL": 45.32351330717198,
      "train_BIC": 603.392823148816,
      "learning_time": 437111
    },
    "fold_9": {
      "test_LL": 83.89941295390123,
      "train_BIC": 554.3773901152985,
      "learning_time": 576057
    },
    "fold_10": {
      "test_LL": 121.50719394445952,
      "train_BIC": 481.5753463279839,
      "learning_time": 438914
    }
  }
}