{
    "average_learning_time": 2139.8591882080077,
    "average_test_LL": -9211.56827315426,
    "folds": {
        "fold_1": {
            "learning_time": 1425639.4904785156,
            "test_LL": -10735.588397796702
        },
        "fold_10": {
            "learning_time": 2417255.701171875,
            "test_LL": -8539.16999224125
        },
        "fold_2": {
            "learning_time": 1695171.3483886719,
            "test_LL": -10344.699675740667
        },
        "fold_3": {
            "learning_time": 2086784.3054199219,
            "test_LL": -11114.36293522668
        },
        "fold_4": {
            "learning_time": 2411332.219482422,
            "test_LL": -11789.8002894878
        },
        "fold_5": {
            "learning_time": 1971048.603515625,
            "test_LL": -9729.303645814498
        },
        "fold_6": {
            "learning_time": 2383988.4826660156,
            "test_LL": -7413.104435401855
        },
        "fold_7": {
            "learning_time": 2345393.6611328125,
            "test_LL": -7544.019733999558
        },
        "fold_8": {
            "learning_time": 2377682.490234375,
            "test_LL": -7809.780436475323
        },
        "fold_9": {
            "learning_time": 2284295.5795898438,
            "test_LL": -7095.853189358266
        }
    }
}