{
    "average_learning_time": 9.849887768554687,
    "average_test_LL": -133.77574024856614,
    "folds": {
        "fold_1": {
            "learning_time": 13613.214111328125,
            "test_LL": -109.50884177314502
        },
        "fold_10": {
            "learning_time": 8990.187255859375,
            "test_LL": 43.6991245762255
        },
        "fold_2": {
            "learning_time": 8302.945068359375,
            "test_LL": -754.7001985782281
        },
        "fold_3": {
            "learning_time": 7957.912353515625,
            "test_LL": -94.22470041118113
        },
        "fold_4": {
            "learning_time": 8853.040771484375,
            "test_LL": -124.1275185557677
        },
        "fold_5": {
            "learning_time": 10450.415771484375,
            "test_LL": -38.891880218110195
        },
        "fold_6": {
            "learning_time": 12700.031005859375,
            "test_LL": -49.5167102882892
        },
        "fold_7": {
            "learning_time": 11369.00341796875,
            "test_LL": -101.28867211785234
        },
        "fold_8": {
            "learning_time": 9043.1650390625,
            "test_LL": -130.53643378739918
        },
        "fold_9": {
            "learning_time": 7218.962890625,
            "test_LL": 21.33842866808588
        }
    }
}