{
    "average_learning_time": 59.813889770507814,
    "average_test_ll": -2123.142231681001,
    "folds": {
        "fold_1": {
            "learning_time": 56575.51318359375,
            "test_ll": -2105.0916607985596
        },
        "fold_10": {
            "learning_time": 42037.210693359375,
            "test_ll": -2485.8221130889506
        },
        "fold_2": {
            "learning_time": 85805.59643554688,
            "test_ll": -2273.035970133084
        },
        "fold_3": {
            "learning_time": 79581.10034179688,
            "test_ll": -2016.2415959359587
        },
        "fold_4": {
            "learning_time": 72001.79272460938,
            "test_ll": -2747.3704456084656
        },
        "fold_5": {
            "learning_time": 62738.844970703125,
            "test_ll": -1582.6255275066733
        },
        "fold_6": {
            "learning_time": 41558.037841796875,
            "test_ll": -2503.6423185788412
        },
        "fold_7": {
            "learning_time": 54552.15576171875,
            "test_ll": -2244.0796025323375
        },
        "fold_8": {
            "learning_time": 69799.859375,
            "test_ll": -1639.084243151314
        },
        "fold_9": {
            "learning_time": 33488.786376953125,
            "test_ll": -1634.4288394758237
        }
    }
}