{
    "average_learning_time": 0.000177001953125,
    "average_test_LL": -3606.7529035660255,
    "folds": {
        "fold_1": {
            "learning_time": 0.18798828125,
            "test_LL": -3087.382168302788
        },
        "fold_10": {
            "learning_time": 0.18896484375,
            "test_LL": -3354.966055573418
        },
        "fold_2": {
            "learning_time": 0.163330078125,
            "test_LL": -3123.12605548067
        },
        "fold_3": {
            "learning_time": 0.2099609375,
            "test_LL": -3516.994546841139
        },
        "fold_4": {
            "learning_time": 0.169677734375,
            "test_LL": -3745.160359570099
        },
        "fold_5": {
            "learning_time": 0.1865234375,
            "test_LL": -3781.0430170239633
        },
        "fold_6": {
            "learning_time": 0.166259765625,
            "test_LL": -4220.00728546824
        },
        "fold_7": {
            "learning_time": 0.1650390625,
            "test_LL": -3766.970652387449
        },
        "fold_8": {
            "learning_time": 0.166259765625,
            "test_LL": -3755.4447023261087
        },
        "fold_9": {
            "learning_time": 0.166015625,
            "test_LL": -3716.434192686384
        }
    }
}