{
    "average_learning_time": 0.0008675537109375,
    "average_test_ll": -14662.038487002917,
    "folds": {
        "fold_1": {
            "learning_time": 1.1005859375,
            "test_ll": -15004.231242320377
        },
        "fold_10": {
            "learning_time": 0.814697265625,
            "test_ll": -15283.875669155665
        },
        "fold_2": {
            "learning_time": 0.82666015625,
            "test_ll": -14940.78608643914
        },
        "fold_3": {
            "learning_time": 0.803466796875,
            "test_ll": -15137.517018769566
        },
        "fold_4": {
            "learning_time": 0.848388671875,
            "test_ll": -15338.766662143455
        },
        "fold_5": {
            "learning_time": 0.843505859375,
            "test_ll": -14682.91473671843
        },
        "fold_6": {
            "learning_time": 0.806884765625,
            "test_ll": -14074.342319278396
        },
        "fold_7": {
            "learning_time": 0.86279296875,
            "test_ll": -13996.968044951573
        },
        "fold_8": {
            "learning_time": 0.94873046875,
            "test_ll": -14155.115959071592
        },
        "fold_9": {
            "learning_time": 0.81982421875,
            "test_ll": -14005.867131180961
        }
    }
}