{
    "average_learning_time": 12.840262274575071,
    "average_test_LL": -289.77786865105134,
    "average_train_BIC": -2641.6987234741946,
    "folds": {
        "fold_1": {
            "learning_time": 11821.713532677677,
            "test_LL": -294.48868001235115,
            "train_BIC": -2629.9126887963603
        },
        "fold_10": {
            "learning_time": 14248.212472659361,
            "test_LL": -374.71299583266415,
            "train_BIC": -2562.790086826412
        },
        "fold_2": {
            "learning_time": 12565.582440358412,
            "test_LL": -232.21486781549982,
            "train_BIC": -2693.3536959037565
        },
        "fold_3": {
            "learning_time": 13585.194526611303,
            "test_LL": -217.5258793735606,
            "train_BIC": -2716.2101733672703
        },
        "fold_4": {
            "learning_time": 17382.43197738484,
            "test_LL": -314.2171039765215,
            "train_BIC": -2614.042496984625
        },
        "fold_5": {
            "learning_time": 10469.683699760935,
            "test_LL": -288.9152750010839,
            "train_BIC": -2638.628621930326
        },
        "fold_6": {
            "learning_time": 11703.969478287036,
            "test_LL": -287.5650768315207,
            "train_BIC": -2641.4167336750174
        },
        "fold_7": {
            "learning_time": 10110.254400409758,
            "test_LL": -322.28731156960305,
            "train_BIC": -2613.352869028122
        },
        "fold_8": {
            "learning_time": 13209.330910613062,
            "test_LL": -248.95903683611988,
            "train_BIC": -2674.7443533213304
        },
        "fold_9": {
            "learning_time": 13306.24930698832,
            "test_LL": -316.89245926158793,
            "train_BIC": -2632.5355149087304
        }
    }
}