{
    "average_learning_time": 0.0001005615234375,
    "average_test_ll": -365.86325963004066,
    "folds": {
        "fold_1": {
            "learning_time": 0.099609375,
            "test_ll": -331.4912276569378
        },
        "fold_10": {
            "learning_time": 0.116455078125,
            "test_ll": -526.9733205508566
        },
        "fold_2": {
            "learning_time": 0.0927734375,
            "test_ll": -327.41412199070373
        },
        "fold_3": {
            "learning_time": 0.127685546875,
            "test_ll": -333.9419878172612
        },
        "fold_4": {
            "learning_time": 0.089599609375,
            "test_ll": -342.001039963171
        },
        "fold_5": {
            "learning_time": 0.075927734375,
            "test_ll": -374.2425593773198
        },
        "fold_6": {
            "learning_time": 0.120361328125,
            "test_ll": -350.9217399919148
        },
        "fold_7": {
            "learning_time": 0.089111328125,
            "test_ll": -352.58561841648634
        },
        "fold_8": {
            "learning_time": 0.0751953125,
            "test_ll": -373.3837430821216
        },
        "fold_9": {
            "learning_time": 0.118896484375,
            "test_ll": -345.6772374536337
        }
    }
}