{
  "average_learning_time": 126.8516,
  "average_test_LL": -399.2010451276917,
  "average_train_BIC": -3422.2087286444985,
  "folds": {
    "fold_1": {
      "test_LL": -399.99059001035243,
      "train_BIC": -3467.3109070251094,
      "learning_time": 93684
    },
    "fold_2": {
      "test_LL": -342.6756620875795,
      "train_BIC": -3470.8633580298188,
      "learning_time": 100496
    },
    "fold_3": {
      "test_LL": -340.7458832723346,
      "train_BIC": -3474.3841113906315,
      "learning_time": 143918
    },
    "fold_4": {
      "test_LL": -367.04843086534305,
      "train_BIC": -3443.975187254687,
      "learning_time": 146817
    },
    "fold_5": {
      "test_LL": -386.47857319686244,
      "train_BIC": -3424.020789693644,
      "learning_time": 102895
    },
    "fold_6": {
      "test_LL": -385.82632665058287,
      "train_BIC": -3428.927071342299,
      "learning_time": 105287
    },
    "fold_7": {
      "test_LL": -388.5106366969407,
      "train_BIC": -3429.560576419548,
      "learning_time": 140974
    },
    "fold_8": {
      "test_LL": -385.4459830943009,
      "train_BIC": -3430.735646381218,
      "learning_time": 143196
    },
    "fold_9": {
      "test_LL": -361.33549414164656,
      "train_BIC": -3416.938942816367,
      "learning_time": 141326
    },
    "fold_10": {
      "test_LL": -633.9528712609741,
      "train_BIC": -3235.3706960916625,
      "learning_time": 149923
    }
  }
}