{
    "average_learning_time": 2.147021383891115,
    "average_test_LL": -89.71785746226325,
    "average_train_BIC": -845.0530054453009,
    "folds": {
        "fold_1": {
            "learning_time": 2180.0135715748183,
            "test_LL": -93.87617128935715,
            "train_BIC": -841.046976885282
        },
        "fold_10": {
            "learning_time": 2082.8442851779982,
            "test_LL": -89.40219313062921,
            "train_BIC": -846.4029502143146
        },
        "fold_2": {
            "learning_time": 2160.8501236187294,
            "test_LL": -87.40399224748646,
            "train_BIC": -846.8707095886228
        },
        "fold_3": {
            "learning_time": 2211.368178250268,
            "test_LL": -85.80529927647453,
            "train_BIC": -848.966359512979
        },
        "fold_4": {
            "learning_time": 2245.3872775658965,
            "test_LL": -87.26249905472373,
            "train_BIC": -846.4810417356771
        },
        "fold_5": {
            "learning_time": 2173.8179682870395,
            "test_LL": -92.18784813925649,
            "train_BIC": -842.5885300381822
        },
        "fold_6": {
            "learning_time": 2137.189306493383,
            "test_LL": -88.5888162793978,
            "train_BIC": -845.2622660971557
        },
        "fold_7": {
            "learning_time": 2044.8998560314067,
            "test_LL": -89.07400599112722,
            "train_BIC": -844.9477444062879
        },
        "fold_8": {
            "learning_time": 2047.3305764026009,
            "test_LL": -103.06165662189743,
            "train_BIC": -834.0020400936633
        },
        "fold_9": {
            "learning_time": 2186.512695509009,
            "test_LL": -80.51609259228242,
            "train_BIC": -853.9614358808449
        }
    }
}