{
    "average_learning_time": 82.51210898437499,
    "average_test_LL": -54124.596449401564,
    "folds": {
        "fold_1": {
            "learning_time": 88375.150390625,
            "test_LL": -53744.13557343864
        },
        "fold_10": {
            "learning_time": 77086.90600585938,
            "test_LL": -54800.924090387576
        },
        "fold_2": {
            "learning_time": 93702.59936523438,
            "test_LL": -46027.97360266918
        },
        "fold_3": {
            "learning_time": 81368.65356445312,
            "test_LL": -41640.98463088618
        },
        "fold_4": {
            "learning_time": 77440.30541992188,
            "test_LL": -54576.93189962326
        },
        "fold_5": {
            "learning_time": 79427.42358398438,
            "test_LL": -63089.46623319925
        },
        "fold_6": {
            "learning_time": 67171.24853515625,
            "test_LL": -81320.51035670082
        },
        "fold_7": {
            "learning_time": 82195.78564453125,
            "test_LL": -41070.24552479479
        },
        "fold_8": {
            "learning_time": 90814.14013671875,
            "test_LL": -48055.277437822195
        },
        "fold_9": {
            "learning_time": 87538.87719726562,
            "test_LL": -56919.51514449373
        }
    }
}