{
    "average_learning_time": 22.79592224121094,
    "average_test_ll": 658.5986450161683,
    "folds": {
        "fold_1": {
            "learning_time": 30219.3212890625,
            "test_ll": 75.6809528132255
        },
        "fold_10": {
            "learning_time": 18843.705078125,
            "test_ll": 1090.2348508672283
        },
        "fold_2": {
            "learning_time": 19386.529296875,
            "test_ll": 1277.8440955160916
        },
        "fold_3": {
            "learning_time": 22706.701171875,
            "test_ll": 1109.5157106207594
        },
        "fold_4": {
            "learning_time": 21840.221435546875,
            "test_ll": -475.8199365076439
        },
        "fold_5": {
            "learning_time": 28526.377685546875,
            "test_ll": 861.3711550581947
        },
        "fold_6": {
            "learning_time": 31186.738037109375,
            "test_ll": 41.05630582871552
        },
        "fold_7": {
            "learning_time": 15131.481689453125,
            "test_ll": 286.715422772711
        },
        "fold_8": {
            "learning_time": 13907.268310546875,
            "test_ll": 1406.624016556921
        },
        "fold_9": {
            "learning_time": 26210.87841796875,
            "test_ll": 912.7638766354792
        }
    }
}