{
    "average_learning_time": 820.3852880371094,
    "average_test_ll": -3372.1918455195396,
    "folds": {
        "fold_1": {
            "learning_time": 886865.3447265625,
            "test_ll": -2647.6257128712928
        },
        "fold_10": {
            "learning_time": 767017.2661132812,
            "test_ll": -4256.697238216849
        },
        "fold_2": {
            "learning_time": 865849.2421875,
            "test_ll": -2503.4007411804437
        },
        "fold_3": {
            "learning_time": 731035.0341796875,
            "test_ll": -3266.0997108230163
        },
        "fold_4": {
            "learning_time": 925045.1892089844,
            "test_ll": -3625.0574484940275
        },
        "fold_5": {
            "learning_time": 799407.6923828125,
            "test_ll": -3872.0681419932007
        },
        "fold_6": {
            "learning_time": 867295.7583007812,
            "test_ll": -3793.117331603794
        },
        "fold_7": {
            "learning_time": 761674.0739746094,
            "test_ll": -3796.188025313849
        },
        "fold_8": {
            "learning_time": 806764.3117675781,
            "test_ll": -3211.959652915333
        },
        "fold_9": {
            "learning_time": 792898.9675292969,
            "test_ll": -2749.7044517835907
        }
    }
}