{
    "average_learning_time": 1.1122922045702581,
    "average_test_LL": -295.6710542795454,
    "average_train_BIC": -2670.9335718161483,
    "folds": {
        "fold_1": {
            "learning_time": 1140.5487285810523,
            "test_LL": -287.22900320968955,
            "train_BIC": -2679.2764133172504
        },
        "fold_10": {
            "learning_time": 1104.9806007067673,
            "test_LL": -305.3473289849972,
            "train_BIC": -2661.1364208433806
        },
        "fold_2": {
            "learning_time": 1090.0092129595578,
            "test_LL": -296.28659918805255,
            "train_BIC": -2669.9104625140067
        },
        "fold_3": {
            "learning_time": 1063.9276394504122,
            "test_LL": -289.69688559601025,
            "train_BIC": -2676.543814781746
        },
        "fold_4": {
            "learning_time": 1062.133597151842,
            "test_LL": -282.6469135049115,
            "train_BIC": -2683.4244582709725
        },
        "fold_5": {
            "learning_time": 1003.9227749221027,
            "test_LL": -302.4429121852418,
            "train_BIC": -2663.79313233595
        },
        "fold_6": {
            "learning_time": 1082.1202299557626,
            "test_LL": -303.29737266814993,
            "train_BIC": -2664.2473201321345
        },
        "fold_7": {
            "learning_time": 1203.8189953309484,
            "test_LL": -304.27525921684276,
            "train_BIC": -2662.7952210595417
        },
        "fold_8": {
            "learning_time": 1250.1130537712015,
            "test_LL": -285.08193951578625,
            "train_BIC": -2681.5406927769236
        },
        "fold_9": {
            "learning_time": 1121.3472128729336,
            "test_LL": -300.40632872577225,
            "train_BIC": -2666.667782129576
        }
    }
}