{
    "average_learning_time": 1244.9047153778197,
    "average_test_LL": -8430.174883883767,
    "average_train_BIC": -75049.85909543655,
    "folds": {
        "fold_1": {
            "learning_time": 1218321.148902447,
            "test_LL": -10018.935950865856,
            "train_BIC": -73965.37874760882
        },
        "fold_10": {
            "learning_time": 1206115.6005034135,
            "test_LL": -7388.412974117176,
            "train_BIC": -75928.23230966629
        },
        "fold_2": {
            "learning_time": 1222157.010893534,
            "test_LL": -9712.248081360121,
            "train_BIC": -73818.98161802748
        },
        "fold_3": {
            "learning_time": 1244729.2168808598,
            "test_LL": -10494.428916410663,
            "train_BIC": -72859.49133019024
        },
        "fold_4": {
            "learning_time": 1217725.8127481765,
            "test_LL": -10361.804035795747,
            "train_BIC": -72939.8213450905
        },
        "fold_5": {
            "learning_time": 1253631.7195468873,
            "test_LL": -9283.636482063164,
            "train_BIC": -74372.28323871971
        },
        "fold_6": {
            "learning_time": 1300594.1563070228,
            "test_LL": -6639.6472449649245,
            "train_BIC": -76725.19515713592
        },
        "fold_7": {
            "learning_time": 1293870.241329605,
            "test_LL": -6528.374443424951,
            "train_BIC": -76936.79221763738
        },
        "fold_8": {
            "learning_time": 1208023.4858073383,
            "test_LL": -7254.724590958311,
            "train_BIC": -76318.96448659504
        },
        "fold_9": {
            "learning_time": 1283878.7608589118,
            "test_LL": -6619.5361188767365,
            "train_BIC": -76633.45050369414
        }
    }
}