{
  "average_learning_time": 0.3942,
  "average_test_LL": -63.44513160404087,
  "average_train_BIC": -459.51297679554716,
  "folds": {
    "fold_1": {
      "test_LL": -66.39047229994797,
      "train_BIC": -504.829504320949,
      "learning_time": 219
    },
    "fold_2": {
      "test_LL": -74.92396887918238,
      "train_BIC": -505.36424054002237,
      "learning_time": 412
    },
    "fold_3": {
      "test_LL": -86.7025850771563,
      "train_BIC": -576.8009386464571,
      "learning_time": 180
    },
    "fold_4": {
      "test_LL": -40.435160161092874,
      "train_BIC": -446.11134080055155,
      "learning_time": 255
    },
    "fold_5": {
      "test_LL": -60.51230099831902,
      "train_BIC": -427.84153791277475,
      "learning_time": 450
    },
    "fold_6": {
      "test_LL": -55.514427341068256,
      "train_BIC": -432.3291213160967,
      "learning_time": 768
    },
    "fold_7": {
      "test_LL": -60.78979715086965,
      "train_BIC": -425.90187240596947,
      "learning_time": 350
    },
    "fold_8": {
      "test_LL": -74.31021729966291,
      "train_BIC": -414.50391773974457,
      "learning_time": 351
    },
    "fold_9": {
      "test_LL": -59.402118084172386,
      "train_BIC": -428.6473327588518,
      "learning_time": 429
    },
    "fold_10": {
      "test_LL": -55.47026874893682,
      "train_BIC": -432.7999615140547,
      "learning_time": 528
    }
  }
}