{
    "average_learning_time": 0.0003692626953125,
    "average_test_LL": -14264.13175297756,
    "folds": {
        "fold_1": {
            "learning_time": 0.375732421875,
            "test_LL": -13830.034424831667
        },
        "fold_10": {
            "learning_time": 0.49560546875,
            "test_LL": -14479.123916398461
        },
        "fold_2": {
            "learning_time": 0.322509765625,
            "test_LL": -14164.606553845679
        },
        "fold_3": {
            "learning_time": 0.32666015625,
            "test_LL": -14249.007679615786
        },
        "fold_4": {
            "learning_time": 0.31494140625,
            "test_LL": -14214.600731494846
        },
        "fold_5": {
            "learning_time": 0.370849609375,
            "test_LL": -14155.170523189416
        },
        "fold_6": {
            "learning_time": 0.309814453125,
            "test_LL": -14304.843418152806
        },
        "fold_7": {
            "learning_time": 0.48583984375,
            "test_LL": -14332.880312267309
        },
        "fold_8": {
            "learning_time": 0.34423828125,
            "test_LL": -14379.932114887346
        },
        "fold_9": {
            "learning_time": 0.346435546875,
            "test_LL": -14531.117855092285
        }
    }
}