{
  "average_learning_time": 3.1306,
  "average_test_LL": -498.3771647183198,
  "average_train_BIC": -4412.2365920478205,
  "folds": {
    "fold_1": {
      "test_LL": -470.4647073765284,
      "train_BIC": -4393.318690112704,
      "learning_time": 3413
    },
    "fold_2": {
      "test_LL": -482.48702323015914,
      "train_BIC": -4381.309026231878,
      "learning_time": 2847
    },
    "fold_3": {
      "test_LL": -517.3846478531665,
      "train_BIC": -4518.108535932657,
      "learning_time": 2906
    },
    "fold_4": {
      "test_LL": -616.9421517952895,
      "train_BIC": -4414.475942873632,
      "learning_time": 3428
    },
    "fold_5": {
      "test_LL": -502.78890171149646,
      "train_BIC": -4362.203556268819,
      "learning_time": 2909
    },
    "fold_6": {
      "test_LL": -443.1628205223169,
      "train_BIC": -4420.92903584884,
      "learning_time": 2778
    },
    "fold_7": {
      "test_LL": -456.26224606845574,
      "train_BIC": -4544.4823736969065,
      "learning_time": 3645
    },
    "fold_8": {
      "test_LL": -441.0459398676628,
      "train_BIC": -4419.715745783222,
      "learning_time": 2828
    },
    "fold_9": {
      "test_LL": -437.22533333471205,
      "train_BIC": -4423.633286246877,
      "learning_time": 2960
    },
    "fold_10": {
      "test_LL": -616.0078754234107,
      "train_BIC": -4244.189727482671,
      "learning_time": 3592
    }
  }
}