{
    "average_learning_time": 7.955696679687501,
    "average_test_ll": -561.7272695911823,
    "folds": {
        "fold_1": {
            "learning_time": 4876.743408203125,
            "test_ll": -612.4388492946747
        },
        "fold_10": {
            "learning_time": 7352.247314453125,
            "test_ll": -831.075519094825
        },
        "fold_2": {
            "learning_time": 6491.683349609375,
            "test_ll": -391.48707432370645
        },
        "fold_3": {
            "learning_time": 6376.888427734375,
            "test_ll": -651.5413899113756
        },
        "fold_4": {
            "learning_time": 11454.189208984375,
            "test_ll": -226.8904257418203
        },
        "fold_5": {
            "learning_time": 10032.634033203125,
            "test_ll": -484.97757907018536
        },
        "fold_6": {
            "learning_time": 9734.44921875,
            "test_ll": -642.5445094120291
        },
        "fold_7": {
            "learning_time": 6903.77490234375,
            "test_ll": -424.7230424326178
        },
        "fold_8": {
            "learning_time": 7021.1279296875,
            "test_ll": -538.531890118962
        },
        "fold_9": {
            "learning_time": 9313.22900390625,
            "test_ll": -813.0624165116283
        }
    }
}