{
    "average_learning_time": 11.287988403320313,
    "average_test_ll": -680.0896122757013,
    "folds": {
        "fold_1": {
            "learning_time": 11552.205078125,
            "test_ll": -791.6664388738204
        },
        "fold_10": {
            "learning_time": 8097.605224609375,
            "test_ll": -893.7923910684917
        },
        "fold_2": {
            "learning_time": 8444.783447265625,
            "test_ll": -725.7228471359819
        },
        "fold_3": {
            "learning_time": 12873.44873046875,
            "test_ll": -644.7766532250287
        },
        "fold_4": {
            "learning_time": 9764.17236328125,
            "test_ll": -503.9154168657622
        },
        "fold_5": {
            "learning_time": 13588.835205078125,
            "test_ll": -479.9857754927424
        },
        "fold_6": {
            "learning_time": 12194.641357421875,
            "test_ll": -551.2806276971262
        },
        "fold_7": {
            "learning_time": 10553.937255859375,
            "test_ll": -538.0850577574371
        },
        "fold_8": {
            "learning_time": 13728.59619140625,
            "test_ll": -902.1170351403618
        },
        "fold_9": {
            "learning_time": 12081.6591796875,
            "test_ll": -769.5538795002594
        }
    }
}