{
    "average_learning_time": 724.2198708007813,
    "average_test_LL": -7584.17335933102,
    "folds": {
        "fold_1": {
            "learning_time": 689740.2097167969,
            "test_LL": -8896.891779721702
        },
        "fold_10": {
            "learning_time": 729368.9287109375,
            "test_LL": -6532.294988196982
        },
        "fold_2": {
            "learning_time": 719193.7434082031,
            "test_LL": -6489.797522241958
        },
        "fold_3": {
            "learning_time": 688541.3464355469,
            "test_LL": -11220.416288468801
        },
        "fold_4": {
            "learning_time": 693642.40234375,
            "test_LL": -5986.629548496249
        },
        "fold_5": {
            "learning_time": 703877.873046875,
            "test_LL": -5856.590160916158
        },
        "fold_6": {
            "learning_time": 764394.4931640625,
            "test_LL": -6344.959141914365
        },
        "fold_7": {
            "learning_time": 797677.490234375,
            "test_LL": -6063.751854762492
        },
        "fold_8": {
            "learning_time": 721535.7099609375,
            "test_LL": -12363.713868575192
        },
        "fold_9": {
            "learning_time": 734226.5109863281,
            "test_LL": -6086.6884400163
        }
    }
}