{
    "average_learning_time": 0.2928266845703125,
    "average_test_ll": -104.83853471752191,
    "folds": {
        "fold_1": {
            "learning_time": 564.587158203125,
            "test_ll": -47.26647727596077
        },
        "fold_10": {
            "learning_time": 232.006591796875,
            "test_ll": -40.9057841971123
        },
        "fold_2": {
            "learning_time": 228.750732421875,
            "test_ll": -47.26647727596077
        },
        "fold_3": {
            "learning_time": 240.32666015625,
            "test_ll": -47.26647727596077
        },
        "fold_4": {
            "learning_time": 234.677734375,
            "test_ll": -47.26647727596077
        },
        "fold_5": {
            "learning_time": 251.66162109375,
            "test_ll": -223.55424135791486
        },
        "fold_6": {
            "learning_time": 349.01904296875,
            "test_ll": -246.06718664242385
        },
        "fold_7": {
            "learning_time": 347.62255859375,
            "test_ll": -35.04967596078736
        },
        "fold_8": {
            "learning_time": 246.407958984375,
            "test_ll": -278.5020672732379
        },
        "fold_9": {
            "learning_time": 233.206787109375,
            "test_ll": -35.24048263989978
        }
    }
}