{
  "average_learning_time": 6114.5783,
  "average_test_LL": -9179.164235454413,
  "average_train_BIC": -74958.05216224682,
  "folds": {
    "fold_1": {
      "test_LL": -11027.787013715113,
      "train_BIC": -73019.11636152315,
      "learning_time": 6047313
    },
    "fold_2": {
      "test_LL": -10093.920960827614,
      "train_BIC": -73904.18779893448,
      "learning_time": 5940657
    },
    "fold_3": {
      "test_LL": -9916.649216370692,
      "train_BIC": -74611.65063997653,
      "learning_time": 5790719
    },
    "fold_4": {
      "test_LL": -7966.505543626488,
      "train_BIC": -75653.95548933519,
      "learning_time": 5762013
    },
    "fold_5": {
      "test_LL": -7467.464593830622,
      "train_BIC": -76200.2014256906,
      "learning_time": 5804821
    },
    "fold_6": {
      "test_LL": -7575.130942570214,
      "train_BIC": -75988.96806375872,
      "learning_time": 6317836
    },
    "fold_7": {
      "test_LL": -7640.750613047044,
      "train_BIC": -75932.2839680565,
      "learning_time": 6264446
    },
    "fold_8": {
      "test_LL": -7252.047734476186,
      "train_BIC": -76507.6862025349,
      "learning_time": 6431824
    },
    "fold_9": {
      "test_LL": -8166.599901183339,
      "train_BIC": -75789.35954765059,
      "learning_time": 6281056
    },
    "fold_10": {
      "test_LL": -14684.78583489681,
      "train_BIC": -71973.1121250076,
      "learning_time": 6505098
    }
  }
}