{
    "average_learning_time": 4592.0302040895585,
    "average_test_LL": -1179.9627724343547,
    "average_train_BIC": -10134.862429955914,
    "folds": {
        "fold_1": {
            "learning_time": 4705264.541527915,
            "test_LL": -1839.6174834087808,
            "train_BIC": -9640.925269552294
        },
        "fold_10": {
            "learning_time": 3754618.1025051703,
            "test_LL": -955.9252751435279,
            "train_BIC": -9769.163174176629
        },
        "fold_2": {
            "learning_time": 4125384.988142765,
            "test_LL": -2438.4669525672884,
            "train_BIC": -9827.837797675973
        },
        "fold_3": {
            "learning_time": 4970571.243305556,
            "test_LL": -1037.971096175497,
            "train_BIC": -10323.800204142388
        },
        "fold_4": {
            "learning_time": 3817545.157388762,
            "test_LL": -839.4772767616397,
            "train_BIC": -10594.21681834355
        },
        "fold_5": {
            "learning_time": 4358867.4493480725,
            "test_LL": -1008.7901948028476,
            "train_BIC": -10493.131071925558
        },
        "fold_6": {
            "learning_time": 5424293.114628116,
            "test_LL": -681.7736855873492,
            "train_BIC": -10555.238026433475
        },
        "fold_7": {
            "learning_time": 5187164.652563344,
            "test_LL": -1086.451646722319,
            "train_BIC": -10008.275206625804
        },
        "fold_8": {
            "learning_time": 5827844.760665765,
            "test_LL": -952.0463176477928,
            "train_BIC": -10172.60151788598
        },
        "fold_9": {
            "learning_time": 3748748.0308201266,
            "test_LL": -959.1077955265042,
            "train_BIC": -9963.435212797493
        }
    }
}