{
    "average_learning_time": 56.55873784179687,
    "average_test_ll": -24784.02067336598,
    "folds": {
        "fold_1": {
            "learning_time": 58393.281005859375,
            "test_ll": -26219.850846134803
        },
        "fold_10": {
            "learning_time": 64099.578857421875,
            "test_ll": -31755.795664416408
        },
        "fold_2": {
            "learning_time": 51267.49609375,
            "test_ll": -26450.307126664535
        },
        "fold_3": {
            "learning_time": 55543.236328125,
            "test_ll": -26546.346933809957
        },
        "fold_4": {
            "learning_time": 54018.767578125,
            "test_ll": -21010.60355429168
        },
        "fold_5": {
            "learning_time": 49294.130615234375,
            "test_ll": -24238.797800263335
        },
        "fold_6": {
            "learning_time": 48655.781494140625,
            "test_ll": -24916.090993802703
        },
        "fold_7": {
            "learning_time": 53935.787841796875,
            "test_ll": -26685.60383376578
        },
        "fold_8": {
            "learning_time": 61937.08154296875,
            "test_ll": -21177.24181520613
        },
        "fold_9": {
            "learning_time": 68442.23706054688,
            "test_ll": -18839.568165304478
        }
    }
}