{
  "average_learning_time": 0.5752999999999999,
  "average_test_LL": -675.2732096913876,
  "average_train_BIC": -6009.632916526103,
  "folds": {
    "fold_1": {
      "test_LL": -681.1315052127197,
      "train_BIC": -6173.187056974758,
      "learning_time": 404
    },
    "fold_2": {
      "test_LL": -646.9568657182069,
      "train_BIC": -6133.57652066347,
      "learning_time": 406
    },
    "fold_3": {
      "test_LL": -636.8909791327723,
      "train_BIC": -6140.652661038793,
      "learning_time": 414
    },
    "fold_4": {
      "test_LL": -627.595708826003,
      "train_BIC": -6149.808844914702,
      "learning_time": 388
    },
    "fold_5": {
      "test_LL": -624.4933576176682,
      "train_BIC": -5982.810146023051,
      "learning_time": 706
    },
    "fold_6": {
      "test_LL": -618.6625781812859,
      "train_BIC": -5988.570951427581,
      "learning_time": 691
    },
    "fold_7": {
      "test_LL": -640.206510540406,
      "train_BIC": -5967.088305762503,
      "learning_time": 677
    },
    "fold_8": {
      "test_LL": -649.4906851307704,
      "train_BIC": -5959.811008093843,
      "learning_time": 682
    },
    "fold_9": {
      "test_LL": -676.0264272172045,
      "train_BIC": -5934.661003362889,
      "learning_time": 717
    },
    "fold_10": {
      "test_LL": -951.2774793368386,
      "train_BIC": -5666.162666999434,
      "learning_time": 668
    }
  }
}