{
    "average_learning_time": 0.5701951627797825,
    "average_test_LL": -85.61182358093488,
    "average_train_BIC": -584.1063009954174,
    "folds": {
        "fold_1": {
            "learning_time": 477.16390066034364,
            "test_LL": -46.896634289485014,
            "train_BIC": -614.190757600858
        },
        "fold_10": {
            "learning_time": 454.580990714021,
            "test_LL": -82.70601441110249,
            "train_BIC": -584.6535587080328
        },
        "fold_2": {
            "learning_time": 476.1720931637683,
            "test_LL": -46.896634289485014,
            "train_BIC": -614.190757600858
        },
        "fold_3": {
            "learning_time": 470.61367897276796,
            "test_LL": -46.896634289485014,
            "train_BIC": -614.190757600858
        },
        "fold_4": {
            "learning_time": 481.81584061239846,
            "test_LL": -46.896634289485014,
            "train_BIC": -614.190757600858
        },
        "fold_5": {
            "learning_time": 578.4424687781211,
            "test_LL": -244.54585774604595,
            "train_BIC": -474.2254378320247
        },
        "fold_6": {
            "learning_time": 784.4157456720495,
            "test_LL": -94.37307120724735,
            "train_BIC": -574.278711542038
        },
        "fold_7": {
            "learning_time": 834.4361081290117,
            "test_LL": -94.30902173923062,
            "train_BIC": -576.2099879495619
        },
        "fold_8": {
            "learning_time": 675.9776150938706,
            "test_LL": -86.37493789552778,
            "train_BIC": -577.3223050014749
        },
        "fold_9": {
            "learning_time": 468.3331860014732,
            "test_LL": -66.22279565225456,
            "train_BIC": -597.6099785176107
        }
    }
}