{
  "average_learning_time": 50615.1926,
  "average_test_LL": -27649.755236318964,
  "average_train_BIC": -207825.42899115678,
  "folds": {
    "fold_1": {
      "test_LL": -17039.77313099273,
      "train_BIC": -215375.33404245108,
      "learning_time": 47200491
    },
    "fold_2": {
      "test_LL": -26223.463415132268,
      "train_BIC": -206117.50841577412,
      "learning_time": 47798415
    },
    "fold_3": {
      "test_LL": -33379.69721203146,
      "train_BIC": -202941.8607595756,
      "learning_time": 48705934
    },
    "fold_4": {
      "test_LL": -20586.356072600684,
      "train_BIC": -211962.21044240327,
      "learning_time": 52780932
    },
    "fold_5": {
      "test_LL": -29239.962293302888,
      "train_BIC": -208123.38036611915,
      "learning_time": 34563713
    },
    "fold_6": {
      "test_LL": -20974.473198238655,
      "train_BIC": -211173.89603684458,
      "learning_time": 55722523
    },
    "fold_7": {
      "test_LL": -28905.721885019033,
      "train_BIC": -206089.22096840243,
      "learning_time": 55949161
    },
    "fold_8": {
      "test_LL": -20983.212380977267,
      "train_BIC": -211332.9675437313,
      "learning_time": 70522446
    },
    "fold_9": {
      "test_LL": -25604.08599161689,
      "train_BIC": -207269.86160193832,
      "learning_time": 46850059
    },
    "fold_10": {
      "test_LL": -53560.80678327778,
      "train_BIC": -197868.0497343279,
      "learning_time": 46058252
    }
  }
}