{
    "average_learning_time": 7.9417719323064375,
    "average_test_LL": -492.47857476167667,
    "average_train_BIC": -4035.5642812107826,
    "folds": {
        "fold_1": {
            "learning_time": 7887.025410404021,
            "test_LL": -477.15266588119727,
            "train_BIC": -4049.397891922314
        },
        "fold_10": {
            "learning_time": 7882.519865532231,
            "test_LL": -530.5526412940399,
            "train_BIC": -4005.7278892974314
        },
        "fold_2": {
            "learning_time": 8060.99386162532,
            "test_LL": -505.54086794161975,
            "train_BIC": -4025.049062943285
        },
        "fold_3": {
            "learning_time": 7834.059006665484,
            "test_LL": -478.4271538322072,
            "train_BIC": -4044.7943537293922
        },
        "fold_4": {
            "learning_time": 7902.778849413153,
            "test_LL": -490.5440438606798,
            "train_BIC": -4035.794794765987
        },
        "fold_5": {
            "learning_time": 7868.212493092869,
            "test_LL": -480.0301641745875,
            "train_BIC": -4043.1364256249585
        },
        "fold_6": {
            "learning_time": 8136.681650234095,
            "test_LL": -483.0784767429575,
            "train_BIC": -4043.1335990544867
        },
        "fold_7": {
            "learning_time": 7982.383281218063,
            "test_LL": -494.4598113148104,
            "train_BIC": -4033.3922582033492
        },
        "fold_8": {
            "learning_time": 7783.9144766549,
            "test_LL": -481.5402394502712,
            "train_BIC": -4046.047944501159
        },
        "fold_9": {
            "learning_time": 8079.150428224239,
            "test_LL": -503.45968312439544,
            "train_BIC": -4029.168592065466
        }
    }
}