{
    "average_learning_time": 590.1325485107421,
    "average_test_ll": -2944.691477683301,
    "folds": {
        "fold_1": {
            "learning_time": 600303.8959960938,
            "test_ll": -3437.6667204920864
        },
        "fold_10": {
            "learning_time": 599352.0773925781,
            "test_ll": -2743.719870980138
        },
        "fold_2": {
            "learning_time": 666698.4572753906,
            "test_ll": -2955.553292179314
        },
        "fold_3": {
            "learning_time": 464291.7883300781,
            "test_ll": -2960.0732084215097
        },
        "fold_4": {
            "learning_time": 563447.29296875,
            "test_ll": -2897.6796560951743
        },
        "fold_5": {
            "learning_time": 577161.8244628906,
            "test_ll": -2818.017639450015
        },
        "fold_6": {
            "learning_time": 554309.5791015625,
            "test_ll": -2942.4466008087084
        },
        "fold_7": {
            "learning_time": 621346.9604492188,
            "test_ll": -2772.749270159923
        },
        "fold_8": {
            "learning_time": 636532.5141601562,
            "test_ll": -3159.413652148577
        },
        "fold_9": {
            "learning_time": 617881.0949707031,
            "test_ll": -2759.594866097561
        }
    }
}