{
    "average_learning_time": 6.225259228515625,
    "average_test_LL": -16158.18799178652,
    "folds": {
        "fold_1": {
            "learning_time": 8641.443359375,
            "test_LL": -14465.894158533902
        },
        "fold_10": {
            "learning_time": 4789.453125,
            "test_LL": -18088.798782024827
        },
        "fold_2": {
            "learning_time": 5240.958251953125,
            "test_LL": -14151.82317938888
        },
        "fold_3": {
            "learning_time": 5711.042236328125,
            "test_LL": -16519.1166593121
        },
        "fold_4": {
            "learning_time": 7459.1748046875,
            "test_LL": -15336.013354453919
        },
        "fold_5": {
            "learning_time": 6459.282958984375,
            "test_LL": -14642.265783668287
        },
        "fold_6": {
            "learning_time": 5306.35498046875,
            "test_LL": -17195.36563907764
        },
        "fold_7": {
            "learning_time": 5538.74462890625,
            "test_LL": -16804.90482777796
        },
        "fold_8": {
            "learning_time": 7392.620361328125,
            "test_LL": -15876.382850279966
        },
        "fold_9": {
            "learning_time": 5713.517578125,
            "test_LL": -18501.314683347722
        }
    }
}