{
    "average_learning_time": 38.833299285193405,
    "average_test_LL": -1610.4596999113169,
    "average_train_BIC": -12386.62821015354,
    "folds": {
        "fold_1": {
            "learning_time": 32746.413065083743,
            "test_LL": -1451.491425196316,
            "train_BIC": -12453.839622919382
        },
        "fold_10": {
            "learning_time": 20093.938375081052,
            "test_LL": -2220.044276142368,
            "train_BIC": -12161.439768739614
        },
        "fold_2": {
            "learning_time": 70881.90311558355,
            "test_LL": -1447.49839033879,
            "train_BIC": -12436.850688235749
        },
        "fold_3": {
            "learning_time": 71652.57560807618,
            "test_LL": -1402.8535833479689,
            "train_BIC": -12460.771204298231
        },
        "fold_4": {
            "learning_time": 22962.587754013155,
            "test_LL": -1798.0027290679648,
            "train_BIC": -12454.043433604027
        },
        "fold_5": {
            "learning_time": 35949.781633728206,
            "test_LL": -1705.2874786873492,
            "train_BIC": -12367.072722740073
        },
        "fold_6": {
            "learning_time": 66814.53685246993,
            "test_LL": -1446.3344192973318,
            "train_BIC": -12440.88294555611
        },
        "fold_7": {
            "learning_time": 20478.721360344935,
            "test_LL": -1449.464672757297,
            "train_BIC": -12431.237528446945
        },
        "fold_8": {
            "learning_time": 22713.26799292592,
            "test_LL": -1639.837890066538,
            "train_BIC": -12326.552237500966
        },
        "fold_9": {
            "learning_time": 24039.26709462735,
            "test_LL": -1543.7821342112493,
            "train_BIC": -12333.591949494305
        }
    }
}