{
    "average_learning_time": 0.08237861328125,
    "average_test_LL": 1556.2884565885947,
    "folds": {
        "fold_1": {
            "learning_time": 95.656494140625,
            "test_LL": 1599.6238081009515
        },
        "fold_10": {
            "learning_time": 83.91455078125,
            "test_LL": 1566.1539675650845
        },
        "fold_2": {
            "learning_time": 80.247802734375,
            "test_LL": 1575.7901375627698
        },
        "fold_3": {
            "learning_time": 88.532958984375,
            "test_LL": 1609.4127457705208
        },
        "fold_4": {
            "learning_time": 81.3955078125,
            "test_LL": 1527.821104654467
        },
        "fold_5": {
            "learning_time": 75.33544921875,
            "test_LL": 1577.643970866046
        },
        "fold_6": {
            "learning_time": 77.156494140625,
            "test_LL": 1581.104433195334
        },
        "fold_7": {
            "learning_time": 82.2900390625,
            "test_LL": 1373.9856077091963
        },
        "fold_8": {
            "learning_time": 82.372802734375,
            "test_LL": 1567.8940829853987
        },
        "fold_9": {
            "learning_time": 76.884033203125,
            "test_LL": 1583.4547074761808
        }
    }
}