{
    "average_learning_time": 0.2482675537109375,
    "average_test_ll": -296.2662573191997,
    "folds": {
        "fold_1": {
            "learning_time": 254.388427734375,
            "test_ll": -285.75675093953674
        },
        "fold_10": {
            "learning_time": 245.2490234375,
            "test_ll": -307.96219911050724
        },
        "fold_2": {
            "learning_time": 264.208984375,
            "test_ll": -297.77076553522727
        },
        "fold_3": {
            "learning_time": 240.422119140625,
            "test_ll": -288.58970892736556
        },
        "fold_4": {
            "learning_time": 244.857177734375,
            "test_ll": -284.0634884009742
        },
        "fold_5": {
            "learning_time": 259.608154296875,
            "test_ll": -304.3542018713878
        },
        "fold_6": {
            "learning_time": 247.5146484375,
            "test_ll": -304.78914768122553
        },
        "fold_7": {
            "learning_time": 237.794921875,
            "test_ll": -304.88486529090994
        },
        "fold_8": {
            "learning_time": 240.862060546875,
            "test_ll": -286.764945837146
        },
        "fold_9": {
            "learning_time": 247.77001953125,
            "test_ll": -297.72649959771655
        }
    }
}