{
  "average_learning_time": 510.6503,
  "average_test_LL": -4896.242931576771,
  "average_train_BIC": -44078.87513548731,
  "folds": {
    "fold_1": {
      "test_LL": -4996.699288836647,
      "train_BIC": -44258.466503074145,
      "learning_time": 501220
    },
    "fold_2": {
      "test_LL": -4993.232343553268,
      "train_BIC": -44256.18627886716,
      "learning_time": 499773
    },
    "fold_3": {
      "test_LL": -4796.4609378631885,
      "train_BIC": -44075.33626838251,
      "learning_time": 517623
    },
    "fold_4": {
      "test_LL": -4852.45010830041,
      "train_BIC": -44019.3051689297,
      "learning_time": 509785
    },
    "fold_5": {
      "test_LL": -4934.618521730639,
      "train_BIC": -43948.63109866727,
      "learning_time": 510561
    },
    "fold_6": {
      "test_LL": -4744.987605518713,
      "train_BIC": -44182.52880737165,
      "learning_time": 516846
    },
    "fold_7": {
      "test_LL": -4828.446769019673,
      "train_BIC": -44104.48456356442,
      "learning_time": 513948
    },
    "fold_8": {
      "test_LL": -4813.458717027407,
      "train_BIC": -44114.43895191159,
      "learning_time": 509644
    },
    "fold_9": {
      "test_LL": -4863.09939730426,
      "train_BIC": -44061.82372157283,
      "learning_time": 509558
    },
    "fold_10": {
      "test_LL": -5138.975626613499,
      "train_BIC": -43767.54999253174,
      "learning_time": 517545
    }
  }
}