{
    "average_learning_time": 109.91642673339844,
    "average_test_LL": -9544.400694513391,
    "folds": {
        "fold_1": {
            "learning_time": 111870.654296875,
            "test_LL": -10581.339037933303
        },
        "fold_10": {
            "learning_time": 110544.91162109375,
            "test_LL": -11624.594147106456
        },
        "fold_2": {
            "learning_time": 107341.22290039062,
            "test_LL": -10043.531864299666
        },
        "fold_3": {
            "learning_time": 85491.11743164062,
            "test_LL": -10015.941666001056
        },
        "fold_4": {
            "learning_time": 91663.83715820312,
            "test_LL": -10610.901287948813
        },
        "fold_5": {
            "learning_time": 114534.08740234375,
            "test_LL": -2037.1481605912873
        },
        "fold_6": {
            "learning_time": 90254.62036132812,
            "test_LL": -9631.720617406907
        },
        "fold_7": {
            "learning_time": 119503.04272460938,
            "test_LL": -10702.493774868726
        },
        "fold_8": {
            "learning_time": 130295.03344726562,
            "test_LL": -10501.041339656136
        },
        "fold_9": {
            "learning_time": 137665.73999023438,
            "test_LL": -9695.295049321561
        }
    }
}