{
  "average_learning_time": 29.4872,
  "average_test_LL": 1175.0803332836836,
  "average_train_BIC": 10714.417146768643,
  "folds": {
    "fold_1": {
      "test_LL": 1279.1154429502096,
      "train_BIC": 10614.1118083354,
      "learning_time": 29496
    },
    "fold_2": {
      "test_LL": 1163.2436814664818,
      "train_BIC": 10731.871383917089,
      "learning_time": 29599
    },
    "fold_3": {
      "test_LL": 1161.0906435124175,
      "train_BIC": 10729.938938235495,
      "learning_time": 29396
    },
    "fold_4": {
      "test_LL": 1037.9251589152905,
      "train_BIC": 10851.14659627278,
      "learning_time": 29249
    },
    "fold_5": {
      "test_LL": 1005.8344108160682,
      "train_BIC": 10875.155621009659,
      "learning_time": 29387
    },
    "fold_6": {
      "test_LL": 1250.6872756791263,
      "train_BIC": 10645.256670715578,
      "learning_time": 29431
    },
    "fold_7": {
      "test_LL": 1205.0577899112375,
      "train_BIC": 10671.51816129775,
      "learning_time": 29304
    },
    "fold_8": {
      "test_LL": 1137.8728896594741,
      "train_BIC": 10759.455768656579,
      "learning_time": 29450
    },
    "fold_9": {
      "test_LL": 1335.3941291873657,
      "train_BIC": 10553.72577562579,
      "learning_time": 29603
    },
    "fold_10": {
      "test_LL": 1174.5819107391646,
      "train_BIC": 10711.990743620307,
      "learning_time": 29957
    }
  }
}